,miner,logP_Name,logM_Name,imf_noise_thr,hm_depen_thr,im_bi_sup,im_bi_ratio,use_gnn,fit_tok,fit_alig,prec_tok,prec_alig,f1_tok,f1_alig,net,im,fm,acc_align,acc_trace,precP
0,IMbi_freq,2012_O_lp,2012_O_lm,0,0,0.2,1,False,,,,,,,"places: [ p_5, p_6, p_8, p_9, sink, source ]
transitions: [ (30d230eb-0949-4e62-a46e-c8373303c121, 'O_SENT'), (9fa5e5a0-ff6d-4678-8ed4-2bb0c2b03ce0, 'O_CREATED'), (c2f9be69-7fac-43e9-89e9-e5a1b3b78b27, 'O_DECLINED'), (c738c9cf-5b5b-454d-8146-d37f115585c0, 'O_SENT_BACK'), (cecedc7c-8a10-42c7-8c60-f8bb9c2d9429, 'O_CANCELLED'), (d891d365-cbec-45c2-9d62-1e3ca49217f9, 'O_SELECTED'), (f2679b91-1a8b-4b0c-bda5-331c1576434d, 'O_ACCEPTED'), (skip_5, None), (skip_6, None), (tau_1, None) ]
arcs: [ (30d230eb-0949-4e62-a46e-c8373303c121, 'O_SENT')->p_8, (9fa5e5a0-ff6d-4678-8ed4-2bb0c2b03ce0, 'O_CREATED')->p_6, (c2f9be69-7fac-43e9-89e9-e5a1b3b78b27, 'O_DECLINED')->sink, (c738c9cf-5b5b-454d-8146-d37f115585c0, 'O_SENT_BACK')->p_9, (cecedc7c-8a10-42c7-8c60-f8bb9c2d9429, 'O_CANCELLED')->p_5, (d891d365-cbec-45c2-9d62-1e3ca49217f9, 'O_SELECTED')->p_6, (f2679b91-1a8b-4b0c-bda5-331c1576434d, 'O_ACCEPTED')->sink, (skip_5, None)->p_9, (skip_6, None)->sink, (tau_1, None)->p_5, p_5->(9fa5e5a0-ff6d-4678-8ed4-2bb0c2b03ce0, 'O_CREATED'), p_5->(d891d365-cbec-45c2-9d62-1e3ca49217f9, 'O_SELECTED'), p_6->(30d230eb-0949-4e62-a46e-c8373303c121, 'O_SENT'), p_6->(cecedc7c-8a10-42c7-8c60-f8bb9c2d9429, 'O_CANCELLED'), p_8->(c738c9cf-5b5b-454d-8146-d37f115585c0, 'O_SENT_BACK'), p_8->(skip_5, None), p_9->(c2f9be69-7fac-43e9-89e9-e5a1b3b78b27, 'O_DECLINED'), p_9->(f2679b91-1a8b-4b0c-bda5-331c1576434d, 'O_ACCEPTED'), p_9->(skip_6, None), source->(tau_1, None) ]",['source:1'],['sink:1'],0.09,0.0,0.25
0,IMbi_rel,2012_O_lp,2012_O_lm,0,0,0.2,1,False,,,,,,,"places: [ p_3, p_4, p_5, p_6, p_7, sink, source ]
transitions: [ (1e59cea9-c8ac-4507-a16a-a94ff9f9bd42, 'O_ACCEPTED'), (2802babb-f6b8-45c8-84c8-2f037be9984a, 'O_CANCELLED'), (48b7d136-1c6f-4bde-895a-10fffef6666b, 'O_DECLINED'), (9503876a-a582-4e72-85c0-2a456d9d62bf, 'O_SELECTED'), (af2997d2-dd99-4871-9e02-28e2183bf7fc, 'O_SENT_BACK'), (f3ce0891-90a4-484b-9cfc-a5e4359f9cc4, 'O_SENT'), (f4c38ad1-8022-469d-bbf8-935684920814, 'O_CREATED'), (skip_1, None), (skip_2, None), (skip_3, None) ]
arcs: [ (1e59cea9-c8ac-4507-a16a-a94ff9f9bd42, 'O_ACCEPTED')->p_7, (2802babb-f6b8-45c8-84c8-2f037be9984a, 'O_CANCELLED')->sink, (48b7d136-1c6f-4bde-895a-10fffef6666b, 'O_DECLINED')->p_6, (9503876a-a582-4e72-85c0-2a456d9d62bf, 'O_SELECTED')->p_3, (af2997d2-dd99-4871-9e02-28e2183bf7fc, 'O_SENT_BACK')->sink, (f3ce0891-90a4-484b-9cfc-a5e4359f9cc4, 'O_SENT')->p_5, (f4c38ad1-8022-469d-bbf8-935684920814, 'O_CREATED')->p_4, (skip_1, None)->p_6, (skip_2, None)->p_7, (skip_3, None)->sink, p_3->(f4c38ad1-8022-469d-bbf8-935684920814, 'O_CREATED'), p_4->(f3ce0891-90a4-484b-9cfc-a5e4359f9cc4, 'O_SENT'), p_5->(48b7d136-1c6f-4bde-895a-10fffef6666b, 'O_DECLINED'), p_5->(skip_1, None), p_6->(1e59cea9-c8ac-4507-a16a-a94ff9f9bd42, 'O_ACCEPTED'), p_6->(skip_2, None), p_7->(2802babb-f6b8-45c8-84c8-2f037be9984a, 'O_CANCELLED'), p_7->(af2997d2-dd99-4871-9e02-28e2183bf7fc, 'O_SENT_BACK'), p_7->(skip_3, None), source->(9503876a-a582-4e72-85c0-2a456d9d62bf, 'O_SELECTED') ]",['source:1'],['sink:1'],0.08,-0.08,0.86
0,IMbi_aprox,2012_O_lp,2012_O_lm,0,0,0.2,1,False,,,,,,,"places: [ p_3, p_4, p_5, p_6, p_7, sink, source ]
transitions: [ (3b01bac7-038a-4e84-a01e-8b815cb2576b, 'O_SENT_BACK'), (50a8dc34-6129-4172-9a07-5bcea1dda8d3, 'O_CANCELLED'), (61ba7440-699c-4270-b947-364e21fd8d75, 'O_SENT'), (636464a5-84b9-4178-b75e-4749a3f33aad, 'O_ACCEPTED'), (9249ba55-3b7d-43c9-8e7a-182146e38747, 'O_DECLINED'), (db749ffa-9f91-4023-bc74-bdb729e212f6, 'O_SELECTED'), (dba97625-f20f-4231-a184-3e9c2eaf54ad, 'O_CREATED'), (skip_1, None), (skip_2, None), (skip_3, None) ]
arcs: [ (3b01bac7-038a-4e84-a01e-8b815cb2576b, 'O_SENT_BACK')->p_7, (50a8dc34-6129-4172-9a07-5bcea1dda8d3, 'O_CANCELLED')->p_6, (61ba7440-699c-4270-b947-364e21fd8d75, 'O_SENT')->p_5, (636464a5-84b9-4178-b75e-4749a3f33aad, 'O_ACCEPTED')->sink, (9249ba55-3b7d-43c9-8e7a-182146e38747, 'O_DECLINED')->sink, (db749ffa-9f91-4023-bc74-bdb729e212f6, 'O_SELECTED')->p_3, (dba97625-f20f-4231-a184-3e9c2eaf54ad, 'O_CREATED')->p_4, (skip_1, None)->p_6, (skip_2, None)->p_7, (skip_3, None)->sink, p_3->(dba97625-f20f-4231-a184-3e9c2eaf54ad, 'O_CREATED'), p_4->(61ba7440-699c-4270-b947-364e21fd8d75, 'O_SENT'), p_5->(50a8dc34-6129-4172-9a07-5bcea1dda8d3, 'O_CANCELLED'), p_5->(skip_1, None), p_6->(3b01bac7-038a-4e84-a01e-8b815cb2576b, 'O_SENT_BACK'), p_6->(skip_2, None), p_7->(636464a5-84b9-4178-b75e-4749a3f33aad, 'O_ACCEPTED'), p_7->(9249ba55-3b7d-43c9-8e7a-182146e38747, 'O_DECLINED'), p_7->(skip_3, None), source->(db749ffa-9f91-4023-bc74-bdb729e212f6, 'O_SELECTED') ]",['source:1'],['sink:1'],0.12,0.29,0.84
0,IMbi_freq,2017_O_lp,2017_O_lm,0,0,0.2,1,False,,,,,,,"places: [ p_10, p_11, p_12, p_17, p_18, p_20, p_21, p_22, p_23, p_26, p_27, p_28, p_29, p_5, p_6, p_7, p_8, sink, source ]
transitions: [ (50c97c6f-ccb0-477c-bf74-c6ec29788b17, 'O_Sent (mail and online)'), (6095b94e-a39b-4a77-94dd-6bc2a57e5580, 'O_Created'), (624c12bc-674e-44b3-b5fd-3045123a18b9, 'O_Returned'), (6b529d02-432e-4823-971e-fa3c967773a2, 'O_Create Offer'), (a093d180-08ed-4d9f-b303-23465ef01b5f, 'O_Cancelled'), (a82b8f2d-945d-45f2-b7fe-d22fc6e4bf0d, 'O_Sent (online only)'), (b636fb7d-895f-48e0-b2b8-d2a870462cb9, 'O_Accepted'), (c9cf78d2-60b4-4c87-a7b0-dc84f087102a, 'O_Refused'), (init_loop_19, None), (init_loop_4, None), (init_loop_7, None), (skip_10, None), (skip_11, None), (skip_16, None), (skip_18, None), (skip_21, None), (skip_22, None), (skip_23, None), (skip_6, None), (skip_9, None), (tauJoin_13, None), (tauSplit_12, None), (tau_1, None) ]
arcs: [ (50c97c6f-ccb0-477c-bf74-c6ec29788b17, 'O_Sent (mail and online)')->p_27, (6095b94e-a39b-4a77-94dd-6bc2a57e5580, 'O_Created')->p_11, (624c12bc-674e-44b3-b5fd-3045123a18b9, 'O_Returned')->p_29, (6b529d02-432e-4823-971e-fa3c967773a2, 'O_Create Offer')->p_12, (a093d180-08ed-4d9f-b303-23465ef01b5f, 'O_Cancelled')->p_18, (a82b8f2d-945d-45f2-b7fe-d22fc6e4bf0d, 'O_Sent (online only)')->p_8, (b636fb7d-895f-48e0-b2b8-d2a870462cb9, 'O_Accepted')->sink, (c9cf78d2-60b4-4c87-a7b0-dc84f087102a, 'O_Refused')->p_23, (init_loop_19, None)->p_22, (init_loop_4, None)->p_7, (init_loop_7, None)->p_10, (skip_10, None)->p_7, (skip_11, None)->p_6, (skip_16, None)->p_17, (skip_18, None)->p_21, (skip_21, None)->p_22, (skip_22, None)->p_21, (skip_23, None)->p_26, (skip_23, None)->p_28, (skip_6, None)->p_8, (skip_9, None)->p_10, (tauJoin_13, None)->p_5, (tauSplit_12, None)->p_17, (tauSplit_12, None)->p_20, (tau_1, None)->p_5, p_10->(6b529d02-432e-4823-971e-fa3c967773a2, 'O_Create Offer'), p_11->(skip_10, None), p_11->(skip_9, None), p_12->(6095b94e-a39b-4a77-94dd-6bc2a57e5580, 'O_Created'), p_17->(a093d180-08ed-4d9f-b303-23465ef01b5f, 'O_Cancelled'), p_18->(skip_16, None), p_18->(tauJoin_13, None), p_20->(init_loop_19, None), p_20->(skip_18, None), p_21->(tauJoin_13, None), p_22->(c9cf78d2-60b4-4c87-a7b0-dc84f087102a, 'O_Refused'), p_23->(skip_21, None), p_23->(skip_22, None), p_26->(50c97c6f-ccb0-477c-bf74-c6ec29788b17, 'O_Sent (mail and online)'), p_27->(b636fb7d-895f-48e0-b2b8-d2a870462cb9, 'O_Accepted'), p_28->(624c12bc-674e-44b3-b5fd-3045123a18b9, 'O_Returned'), p_29->(b636fb7d-895f-48e0-b2b8-d2a870462cb9, 'O_Accepted'), p_5->(init_loop_4, None), p_6->(skip_23, None), p_6->(tauSplit_12, None), p_7->(a82b8f2d-945d-45f2-b7fe-d22fc6e4bf0d, 'O_Sent (online only)'), p_7->(skip_6, None), p_8->(init_loop_7, None), p_8->(skip_11, None), source->(tau_1, None) ]",['source:1'],['sink:1'],0.19,0.34,0.53
0,IMbi_rel,2017_O_lp,2017_O_lm,0,0,0.2,1,False,,,,,,,"places: [ p_10, p_11, p_12, p_13, p_4, p_5, p_6, p_7, p_8, p_9, sink, source ]
transitions: [ (10c73fde-e185-4b02-980a-be4651872d59, 'O_Create Offer'), (192b76b3-5c8f-4f4f-91b3-c76f3d133063, 'O_Returned'), (43293552-264f-4cc8-ad06-1f12b9a9379e, 'O_Sent (online only)'), (7fbc10d7-925f-4905-a487-88f57a29016b, 'O_Accepted'), (b223efe6-a9d0-4704-ab62-22d7476a6efa, 'O_Sent (mail and online)'), (bad0335a-6c73-44ef-9903-11deecd5b46c, 'O_Cancelled'), (bc984d04-f036-467c-9292-2c40ccfd3431, 'O_Refused'), (f2679943-da28-4229-86ab-7a55a9aa1a32, 'O_Created'), (init_loop_4, None), (init_loop_7, None), (skip_10, None), (skip_11, None), (skip_12, None), (skip_13, None), (skip_14, None), (skip_15, None), (skip_6, None), (skip_9, None), (tau_1, None) ]
arcs: [ (10c73fde-e185-4b02-980a-be4651872d59, 'O_Create Offer')->p_12, (192b76b3-5c8f-4f4f-91b3-c76f3d133063, 'O_Returned')->p_7, (43293552-264f-4cc8-ad06-1f12b9a9379e, 'O_Sent (online only)')->sink, (7fbc10d7-925f-4905-a487-88f57a29016b, 'O_Accepted')->p_13, (b223efe6-a9d0-4704-ab62-22d7476a6efa, 'O_Sent (mail and online)')->p_10, (bad0335a-6c73-44ef-9903-11deecd5b46c, 'O_Cancelled')->p_5, (bc984d04-f036-467c-9292-2c40ccfd3431, 'O_Refused')->p_9, (f2679943-da28-4229-86ab-7a55a9aa1a32, 'O_Created')->p_11, (init_loop_4, None)->p_7, (init_loop_7, None)->p_10, (skip_10, None)->p_13, (skip_11, None)->p_11, (skip_12, None)->p_8, (skip_13, None)->p_6, (skip_14, None)->p_4, (skip_15, None)->sink, (skip_6, None)->p_9, (skip_9, None)->p_12, (tau_1, None)->p_5, p_10->(10c73fde-e185-4b02-980a-be4651872d59, 'O_Create Offer'), p_10->(skip_9, None), p_11->(b223efe6-a9d0-4704-ab62-22d7476a6efa, 'O_Sent (mail and online)'), p_11->(skip_12, None), p_12->(7fbc10d7-925f-4905-a487-88f57a29016b, 'O_Accepted'), p_12->(skip_10, None), p_13->(f2679943-da28-4229-86ab-7a55a9aa1a32, 'O_Created'), p_13->(skip_11, None), p_4->(43293552-264f-4cc8-ad06-1f12b9a9379e, 'O_Sent (online only)'), p_4->(skip_15, None), p_5->(init_loop_4, None), p_6->(bad0335a-6c73-44ef-9903-11deecd5b46c, 'O_Cancelled'), p_6->(skip_14, None), p_7->(bc984d04-f036-467c-9292-2c40ccfd3431, 'O_Refused'), p_7->(skip_6, None), p_8->(192b76b3-5c8f-4f4f-91b3-c76f3d133063, 'O_Returned'), p_8->(skip_13, None), p_9->(init_loop_7, None), source->(tau_1, None) ]",['source:1'],['sink:1'],-0.0,-0.04,0.36
0,IMbi_aprox,2017_O_lp,2017_O_lm,0,0,0.2,1,False,,,,,,,"places: [ p_10, p_11, p_12, p_14, p_4, p_5, p_6, p_7, p_8, p_9, sink, source ]
transitions: [ (1a5fbdb2-71bc-4f66-8f12-9bf42690d185, 'O_Returned'), (4f304127-d1fe-48af-968a-6086bb0dcb0a, 'O_Cancelled'), (51a8749b-f6c7-4d5f-a8cb-e1e0a78a08fb, 'O_Refused'), (51c785de-ab18-44d4-a59b-10497a7124ab, 'O_Create Offer'), (61eee142-22d7-4e5a-9703-e4ace9a96073, 'O_Sent (online only)'), (78e83aee-018c-477f-a00d-45c34408c6a7, 'O_Sent (mail and online)'), (7aa7e39f-246b-4f71-8faf-cd3125610cbb, 'O_Accepted'), (fdcdd084-07e7-4510-83fb-204477e3332d, 'O_Created'), (skip_10, None), (skip_11, None), (skip_4, None), (skip_5, None), (skip_8, None), (skip_9, None), (tauJoin_7, None), (tauSplit_6, None), (tau_1, None) ]
arcs: [ (1a5fbdb2-71bc-4f66-8f12-9bf42690d185, 'O_Returned')->p_5, (4f304127-d1fe-48af-968a-6086bb0dcb0a, 'O_Cancelled')->p_14, (51a8749b-f6c7-4d5f-a8cb-e1e0a78a08fb, 'O_Refused')->p_12, (51c785de-ab18-44d4-a59b-10497a7124ab, 'O_Create Offer')->p_10, (61eee142-22d7-4e5a-9703-e4ace9a96073, 'O_Sent (online only)')->sink, (78e83aee-018c-477f-a00d-45c34408c6a7, 'O_Sent (mail and online)')->p_8, (7aa7e39f-246b-4f71-8faf-cd3125610cbb, 'O_Accepted')->p_6, (fdcdd084-07e7-4510-83fb-204477e3332d, 'O_Created')->p_12, (skip_10, None)->p_14, (skip_11, None)->sink, (skip_4, None)->p_7, (skip_5, None)->p_8, (skip_8, None)->p_6, (skip_9, None)->p_4, (tauJoin_7, None)->p_7, (tauSplit_6, None)->p_11, (tauSplit_6, None)->p_9, (tau_1, None)->p_5, p_10->(tauJoin_7, None), p_11->(51a8749b-f6c7-4d5f-a8cb-e1e0a78a08fb, 'O_Refused'), p_11->(fdcdd084-07e7-4510-83fb-204477e3332d, 'O_Created'), p_12->(tauJoin_7, None), p_14->(61eee142-22d7-4e5a-9703-e4ace9a96073, 'O_Sent (online only)'), p_14->(skip_11, None), p_4->(4f304127-d1fe-48af-968a-6086bb0dcb0a, 'O_Cancelled'), p_4->(skip_10, None), p_5->(78e83aee-018c-477f-a00d-45c34408c6a7, 'O_Sent (mail and online)'), p_5->(skip_4, None), p_5->(skip_5, None), p_6->(1a5fbdb2-71bc-4f66-8f12-9bf42690d185, 'O_Returned'), p_6->(skip_9, None), p_7->(7aa7e39f-246b-4f71-8faf-cd3125610cbb, 'O_Accepted'), p_7->(skip_8, None), p_8->(tauSplit_6, None), p_9->(51c785de-ab18-44d4-a59b-10497a7124ab, 'O_Create Offer'), source->(tau_1, None) ]",['source:1'],['sink:1'],0.04,-0.01,0.29
0,IMbi_freq,2012_O_lp,2012_O_lm,0,0,0.3,1,False,,,,,,,"places: [ p_5, p_6, p_8, p_9, sink, source ]
transitions: [ (45d70e51-a13a-492e-9212-d087781c715d, 'O_ACCEPTED'), (53a08163-d0d7-48ec-9df9-fa9f2b5fbeb7, 'O_SELECTED'), (76843f5e-a020-476b-8335-8ba4af83651c, 'O_CREATED'), (9b4887e0-3bdd-4804-a068-a6264be0acf9, 'O_SENT'), (d38dcb1f-1326-42ed-81ae-9e5342268c6a, 'O_CANCELLED'), (fdacd446-aa10-4339-8e71-c5de5d892457, 'O_DECLINED'), (fde57bee-bd9d-4794-8299-16e094906f36, 'O_SENT_BACK'), (skip_5, None), (skip_6, None), (tau_1, None) ]
arcs: [ (45d70e51-a13a-492e-9212-d087781c715d, 'O_ACCEPTED')->sink, (53a08163-d0d7-48ec-9df9-fa9f2b5fbeb7, 'O_SELECTED')->p_6, (76843f5e-a020-476b-8335-8ba4af83651c, 'O_CREATED')->p_6, (9b4887e0-3bdd-4804-a068-a6264be0acf9, 'O_SENT')->p_8, (d38dcb1f-1326-42ed-81ae-9e5342268c6a, 'O_CANCELLED')->p_5, (fdacd446-aa10-4339-8e71-c5de5d892457, 'O_DECLINED')->sink, (fde57bee-bd9d-4794-8299-16e094906f36, 'O_SENT_BACK')->p_9, (skip_5, None)->p_9, (skip_6, None)->sink, (tau_1, None)->p_5, p_5->(53a08163-d0d7-48ec-9df9-fa9f2b5fbeb7, 'O_SELECTED'), p_5->(76843f5e-a020-476b-8335-8ba4af83651c, 'O_CREATED'), p_6->(9b4887e0-3bdd-4804-a068-a6264be0acf9, 'O_SENT'), p_6->(d38dcb1f-1326-42ed-81ae-9e5342268c6a, 'O_CANCELLED'), p_8->(fde57bee-bd9d-4794-8299-16e094906f36, 'O_SENT_BACK'), p_8->(skip_5, None), p_9->(45d70e51-a13a-492e-9212-d087781c715d, 'O_ACCEPTED'), p_9->(fdacd446-aa10-4339-8e71-c5de5d892457, 'O_DECLINED'), p_9->(skip_6, None), source->(tau_1, None) ]",['source:1'],['sink:1'],0.09,0.0,0.25
0,IMbi_rel,2012_O_lp,2012_O_lm,0,0,0.3,1,False,,,,,,,"places: [ p_3, p_4, p_5, p_6, p_7, sink, source ]
transitions: [ (08dd5342-8219-4dc3-97d9-8f66f9f72ba4, 'O_SELECTED'), (2e18e297-c055-4dae-8a2d-1537217d7cdf, 'O_DECLINED'), (34767a48-d629-44fc-9e8c-ea870e771b59, 'O_CREATED'), (42d43524-5f61-44da-b134-64dca132f3f7, 'O_ACCEPTED'), (90cfe06c-fe13-4d86-b9a1-11787521a72b, 'O_SENT_BACK'), (df088844-3b61-4268-bfcf-78d6cc40cec8, 'O_SENT'), (f3adb2ac-434b-4f4c-ae49-f12c0bd077f5, 'O_CANCELLED'), (skip_1, None), (skip_2, None), (skip_3, None) ]
arcs: [ (08dd5342-8219-4dc3-97d9-8f66f9f72ba4, 'O_SELECTED')->p_3, (2e18e297-c055-4dae-8a2d-1537217d7cdf, 'O_DECLINED')->p_6, (34767a48-d629-44fc-9e8c-ea870e771b59, 'O_CREATED')->p_4, (42d43524-5f61-44da-b134-64dca132f3f7, 'O_ACCEPTED')->p_7, (90cfe06c-fe13-4d86-b9a1-11787521a72b, 'O_SENT_BACK')->sink, (df088844-3b61-4268-bfcf-78d6cc40cec8, 'O_SENT')->p_5, (f3adb2ac-434b-4f4c-ae49-f12c0bd077f5, 'O_CANCELLED')->sink, (skip_1, None)->p_6, (skip_2, None)->p_7, (skip_3, None)->sink, p_3->(34767a48-d629-44fc-9e8c-ea870e771b59, 'O_CREATED'), p_4->(df088844-3b61-4268-bfcf-78d6cc40cec8, 'O_SENT'), p_5->(2e18e297-c055-4dae-8a2d-1537217d7cdf, 'O_DECLINED'), p_5->(skip_1, None), p_6->(42d43524-5f61-44da-b134-64dca132f3f7, 'O_ACCEPTED'), p_6->(skip_2, None), p_7->(90cfe06c-fe13-4d86-b9a1-11787521a72b, 'O_SENT_BACK'), p_7->(f3adb2ac-434b-4f4c-ae49-f12c0bd077f5, 'O_CANCELLED'), p_7->(skip_3, None), source->(08dd5342-8219-4dc3-97d9-8f66f9f72ba4, 'O_SELECTED') ]",['source:1'],['sink:1'],0.08,-0.08,0.86
0,IMbi_aprox,2012_O_lp,2012_O_lm,0,0,0.3,1,False,,,,,,,"places: [ p_3, p_4, p_5, p_6, p_7, sink, source ]
transitions: [ (2871cfb4-e38a-4431-8f07-51860fe80886, 'O_SENT_BACK'), (2a583553-a3de-49e3-baa3-6f6e81be614d, 'O_ACCEPTED'), (9e094f41-3891-422d-8596-99f98e828761, 'O_CREATED'), (b1f7e5f9-ac36-4c82-80e9-2b71e6fa1a94, 'O_SENT'), (c1999f0d-31aa-49a4-8381-30584d01db79, 'O_SELECTED'), (c46194e2-d676-4274-9cbf-0850e56a40d8, 'O_DECLINED'), (e4bc06a4-fee4-4cbe-953a-a5da9506f603, 'O_CANCELLED'), (skip_1, None), (skip_2, None), (skip_3, None) ]
arcs: [ (2871cfb4-e38a-4431-8f07-51860fe80886, 'O_SENT_BACK')->p_7, (2a583553-a3de-49e3-baa3-6f6e81be614d, 'O_ACCEPTED')->sink, (9e094f41-3891-422d-8596-99f98e828761, 'O_CREATED')->p_4, (b1f7e5f9-ac36-4c82-80e9-2b71e6fa1a94, 'O_SENT')->p_5, (c1999f0d-31aa-49a4-8381-30584d01db79, 'O_SELECTED')->p_3, (c46194e2-d676-4274-9cbf-0850e56a40d8, 'O_DECLINED')->sink, (e4bc06a4-fee4-4cbe-953a-a5da9506f603, 'O_CANCELLED')->p_6, (skip_1, None)->p_6, (skip_2, None)->p_7, (skip_3, None)->sink, p_3->(9e094f41-3891-422d-8596-99f98e828761, 'O_CREATED'), p_4->(b1f7e5f9-ac36-4c82-80e9-2b71e6fa1a94, 'O_SENT'), p_5->(e4bc06a4-fee4-4cbe-953a-a5da9506f603, 'O_CANCELLED'), p_5->(skip_1, None), p_6->(2871cfb4-e38a-4431-8f07-51860fe80886, 'O_SENT_BACK'), p_6->(skip_2, None), p_7->(2a583553-a3de-49e3-baa3-6f6e81be614d, 'O_ACCEPTED'), p_7->(c46194e2-d676-4274-9cbf-0850e56a40d8, 'O_DECLINED'), p_7->(skip_3, None), source->(c1999f0d-31aa-49a4-8381-30584d01db79, 'O_SELECTED') ]",['source:1'],['sink:1'],0.12,0.29,0.84
0,IMbi_freq,2017_O_lp,2017_O_lm,0,0,0.3,1,False,,,,,,,"places: [ p_10, p_11, p_12, p_15, p_16, p_17, p_18, p_19, p_20, p_23, p_24, p_25, p_26, p_5, p_6, p_7, p_8, sink, source ]
transitions: [ (0559d5e7-22c9-4153-98b3-051853422395, 'O_Refused'), (3bd32e8d-3b52-4ffe-ba1f-f31a2ce1bc21, 'O_Created'), (70dcaafd-36ca-42b9-b6d1-248708124af1, 'O_Sent (online only)'), (7996931d-90d4-4cc4-8297-2d0c58106e3c, 'O_Accepted'), (851648c1-1ab7-40c3-9c8f-19ced4ffc8db, 'O_Cancelled'), (ad9da543-5414-4fd2-822b-7c51037bda26, 'O_Sent (mail and online)'), (db3ec6f8-cd49-4f8d-9c88-f2d59c267e0b, 'O_Returned'), (dc4948ce-9a86-4f5c-b939-b8f17a8ffa31, 'O_Create Offer'), (init_loop_15, None), (init_loop_4, None), (init_loop_7, None), (skip_10, None), (skip_11, None), (skip_14, None), (skip_17, None), (skip_18, None), (skip_19, None), (skip_6, None), (skip_9, None), (tauJoin_13, None), (tauSplit_12, None), (tau_1, None) ]
arcs: [ (0559d5e7-22c9-4153-98b3-051853422395, 'O_Refused')->p_20, (3bd32e8d-3b52-4ffe-ba1f-f31a2ce1bc21, 'O_Created')->p_11, (70dcaafd-36ca-42b9-b6d1-248708124af1, 'O_Sent (online only)')->p_8, (7996931d-90d4-4cc4-8297-2d0c58106e3c, 'O_Accepted')->sink, (851648c1-1ab7-40c3-9c8f-19ced4ffc8db, 'O_Cancelled')->p_16, (ad9da543-5414-4fd2-822b-7c51037bda26, 'O_Sent (mail and online)')->p_24, (db3ec6f8-cd49-4f8d-9c88-f2d59c267e0b, 'O_Returned')->p_26, (dc4948ce-9a86-4f5c-b939-b8f17a8ffa31, 'O_Create Offer')->p_12, (init_loop_15, None)->p_19, (init_loop_4, None)->p_7, (init_loop_7, None)->p_10, (skip_10, None)->p_7, (skip_11, None)->p_6, (skip_14, None)->p_18, (skip_17, None)->p_19, (skip_18, None)->p_18, (skip_19, None)->p_23, (skip_19, None)->p_25, (skip_6, None)->p_8, (skip_9, None)->p_10, (tauJoin_13, None)->p_5, (tauSplit_12, None)->p_15, (tauSplit_12, None)->p_17, (tau_1, None)->p_5, p_10->(dc4948ce-9a86-4f5c-b939-b8f17a8ffa31, 'O_Create Offer'), p_11->(skip_10, None), p_11->(skip_9, None), p_12->(3bd32e8d-3b52-4ffe-ba1f-f31a2ce1bc21, 'O_Created'), p_15->(851648c1-1ab7-40c3-9c8f-19ced4ffc8db, 'O_Cancelled'), p_16->(tauJoin_13, None), p_17->(init_loop_15, None), p_17->(skip_14, None), p_18->(tauJoin_13, None), p_19->(0559d5e7-22c9-4153-98b3-051853422395, 'O_Refused'), p_20->(skip_17, None), p_20->(skip_18, None), p_23->(ad9da543-5414-4fd2-822b-7c51037bda26, 'O_Sent (mail and online)'), p_24->(7996931d-90d4-4cc4-8297-2d0c58106e3c, 'O_Accepted'), p_25->(db3ec6f8-cd49-4f8d-9c88-f2d59c267e0b, 'O_Returned'), p_26->(7996931d-90d4-4cc4-8297-2d0c58106e3c, 'O_Accepted'), p_5->(init_loop_4, None), p_6->(skip_19, None), p_6->(tauSplit_12, None), p_7->(70dcaafd-36ca-42b9-b6d1-248708124af1, 'O_Sent (online only)'), p_7->(skip_6, None), p_8->(init_loop_7, None), p_8->(skip_11, None), source->(tau_1, None) ]",['source:1'],['sink:1'],0.19,0.34,0.53
0,IMbi_rel,2017_O_lp,2017_O_lm,0,0,0.3,1,False,,,,,,,"places: [ p_10, p_11, p_12, p_13, p_4, p_5, p_6, p_7, p_8, p_9, sink, source ]
transitions: [ (01d4fdad-222d-4c7a-a1a6-8ee51e7fcae5, 'O_Sent (online only)'), (059dd3ae-0ff9-4fa6-8725-48d35fafa755, 'O_Created'), (8b14ed25-8630-487e-9109-ab91b798c9be, 'O_Sent (mail and online)'), (a359512d-ab1c-4749-8c1e-75ca99300503, 'O_Returned'), (a779d78e-1341-49f9-8979-874724220f98, 'O_Refused'), (b356c4fb-70de-422b-a895-48f95b25ac29, 'O_Create Offer'), (cecc244a-34e2-4327-9972-7f7598736bd5, 'O_Accepted'), (dc77a147-9cba-4d9d-96dd-907d5f368df8, 'O_Cancelled'), (init_loop_4, None), (init_loop_7, None), (skip_10, None), (skip_11, None), (skip_12, None), (skip_13, None), (skip_14, None), (skip_15, None), (skip_6, None), (skip_9, None), (tau_1, None) ]
arcs: [ (01d4fdad-222d-4c7a-a1a6-8ee51e7fcae5, 'O_Sent (online only)')->sink, (059dd3ae-0ff9-4fa6-8725-48d35fafa755, 'O_Created')->p_11, (8b14ed25-8630-487e-9109-ab91b798c9be, 'O_Sent (mail and online)')->p_10, (a359512d-ab1c-4749-8c1e-75ca99300503, 'O_Returned')->p_7, (a779d78e-1341-49f9-8979-874724220f98, 'O_Refused')->p_9, (b356c4fb-70de-422b-a895-48f95b25ac29, 'O_Create Offer')->p_13, (cecc244a-34e2-4327-9972-7f7598736bd5, 'O_Accepted')->p_12, (dc77a147-9cba-4d9d-96dd-907d5f368df8, 'O_Cancelled')->p_5, (init_loop_4, None)->p_7, (init_loop_7, None)->p_10, (skip_10, None)->p_13, (skip_11, None)->p_11, (skip_12, None)->p_8, (skip_13, None)->p_6, (skip_14, None)->p_4, (skip_15, None)->sink, (skip_6, None)->p_9, (skip_9, None)->p_12, (tau_1, None)->p_5, p_10->(cecc244a-34e2-4327-9972-7f7598736bd5, 'O_Accepted'), p_10->(skip_9, None), p_11->(8b14ed25-8630-487e-9109-ab91b798c9be, 'O_Sent (mail and online)'), p_11->(skip_12, None), p_12->(b356c4fb-70de-422b-a895-48f95b25ac29, 'O_Create Offer'), p_12->(skip_10, None), p_13->(059dd3ae-0ff9-4fa6-8725-48d35fafa755, 'O_Created'), p_13->(skip_11, None), p_4->(01d4fdad-222d-4c7a-a1a6-8ee51e7fcae5, 'O_Sent (online only)'), p_4->(skip_15, None), p_5->(init_loop_4, None), p_6->(dc77a147-9cba-4d9d-96dd-907d5f368df8, 'O_Cancelled'), p_6->(skip_14, None), p_7->(a779d78e-1341-49f9-8979-874724220f98, 'O_Refused'), p_7->(skip_6, None), p_8->(a359512d-ab1c-4749-8c1e-75ca99300503, 'O_Returned'), p_8->(skip_13, None), p_9->(init_loop_7, None), source->(tau_1, None) ]",['source:1'],['sink:1'],-0.0,-0.04,0.38
0,IMbi_aprox,2017_O_lp,2017_O_lm,0,0,0.3,1,False,,,,,,,"places: [ p_10, p_11, p_12, p_14, p_4, p_5, p_6, p_7, p_8, p_9, sink, source ]
transitions: [ (019f30a5-e838-4115-92fd-6b905bef4fe1, 'O_Cancelled'), (39f457f6-2c90-4469-a033-5267159185ac, 'O_Sent (online only)'), (42612445-a84d-45d8-8f80-4039b7d841a3, 'O_Refused'), (5b92248a-234d-48c2-a934-2c6aa4d17a3f, 'O_Create Offer'), (ac2ce738-cf28-4d09-96cc-9f24a2715ef2, 'O_Created'), (c5652a09-a7ab-44ac-b13a-79ae1a5a183e, 'O_Sent (mail and online)'), (ceaa7894-7121-4653-b6e3-1ceb4727378b, 'O_Returned'), (f2eaa271-0511-427b-a818-344127e8a9ed, 'O_Accepted'), (skip_10, None), (skip_11, None), (skip_4, None), (skip_5, None), (skip_8, None), (skip_9, None), (tauJoin_7, None), (tauSplit_6, None), (tau_1, None) ]
arcs: [ (019f30a5-e838-4115-92fd-6b905bef4fe1, 'O_Cancelled')->p_14, (39f457f6-2c90-4469-a033-5267159185ac, 'O_Sent (online only)')->sink, (42612445-a84d-45d8-8f80-4039b7d841a3, 'O_Refused')->p_12, (5b92248a-234d-48c2-a934-2c6aa4d17a3f, 'O_Create Offer')->p_10, (ac2ce738-cf28-4d09-96cc-9f24a2715ef2, 'O_Created')->p_12, (c5652a09-a7ab-44ac-b13a-79ae1a5a183e, 'O_Sent (mail and online)')->p_8, (ceaa7894-7121-4653-b6e3-1ceb4727378b, 'O_Returned')->p_5, (f2eaa271-0511-427b-a818-344127e8a9ed, 'O_Accepted')->p_6, (skip_10, None)->p_14, (skip_11, None)->sink, (skip_4, None)->p_7, (skip_5, None)->p_8, (skip_8, None)->p_6, (skip_9, None)->p_4, (tauJoin_7, None)->p_7, (tauSplit_6, None)->p_11, (tauSplit_6, None)->p_9, (tau_1, None)->p_5, p_10->(tauJoin_7, None), p_11->(42612445-a84d-45d8-8f80-4039b7d841a3, 'O_Refused'), p_11->(ac2ce738-cf28-4d09-96cc-9f24a2715ef2, 'O_Created'), p_12->(tauJoin_7, None), p_14->(39f457f6-2c90-4469-a033-5267159185ac, 'O_Sent (online only)'), p_14->(skip_11, None), p_4->(019f30a5-e838-4115-92fd-6b905bef4fe1, 'O_Cancelled'), p_4->(skip_10, None), p_5->(c5652a09-a7ab-44ac-b13a-79ae1a5a183e, 'O_Sent (mail and online)'), p_5->(skip_4, None), p_5->(skip_5, None), p_6->(ceaa7894-7121-4653-b6e3-1ceb4727378b, 'O_Returned'), p_6->(skip_9, None), p_7->(f2eaa271-0511-427b-a818-344127e8a9ed, 'O_Accepted'), p_7->(skip_8, None), p_8->(tauSplit_6, None), p_9->(5b92248a-234d-48c2-a934-2c6aa4d17a3f, 'O_Create Offer'), source->(tau_1, None) ]",['source:1'],['sink:1'],0.04,-0.01,0.29
0,IMbi_freq,2012_O_lp,2012_O_lm,0,0,0.4,1,False,,,,,,,"places: [ p_5, p_6, p_8, p_9, sink, source ]
transitions: [ (072bcc2d-28a3-4fe6-bf36-6c5b524ca5cd, 'O_SENT_BACK'), (64d8774b-1961-4e3d-9ef9-8616338534bd, 'O_SENT'), (6a18b61d-b226-4559-8a1d-a7606361596c, 'O_DECLINED'), (8593d9e1-b6f2-4b99-9b23-22d974651c47, 'O_CREATED'), (8c8757e0-543f-4cdc-8c29-b33f1cf0358d, 'O_CANCELLED'), (8ed858b4-e38d-48f0-9b3f-3ca28f066921, 'O_ACCEPTED'), (a2400f58-25e9-4627-84b3-e524018ebc7f, 'O_SELECTED'), (skip_5, None), (tau_1, None) ]
arcs: [ (072bcc2d-28a3-4fe6-bf36-6c5b524ca5cd, 'O_SENT_BACK')->p_9, (64d8774b-1961-4e3d-9ef9-8616338534bd, 'O_SENT')->p_8, (6a18b61d-b226-4559-8a1d-a7606361596c, 'O_DECLINED')->sink, (8593d9e1-b6f2-4b99-9b23-22d974651c47, 'O_CREATED')->p_6, (8c8757e0-543f-4cdc-8c29-b33f1cf0358d, 'O_CANCELLED')->p_5, (8ed858b4-e38d-48f0-9b3f-3ca28f066921, 'O_ACCEPTED')->sink, (a2400f58-25e9-4627-84b3-e524018ebc7f, 'O_SELECTED')->p_6, (skip_5, None)->sink, (tau_1, None)->p_5, p_5->(8593d9e1-b6f2-4b99-9b23-22d974651c47, 'O_CREATED'), p_5->(a2400f58-25e9-4627-84b3-e524018ebc7f, 'O_SELECTED'), p_6->(64d8774b-1961-4e3d-9ef9-8616338534bd, 'O_SENT'), p_6->(8c8757e0-543f-4cdc-8c29-b33f1cf0358d, 'O_CANCELLED'), p_8->(072bcc2d-28a3-4fe6-bf36-6c5b524ca5cd, 'O_SENT_BACK'), p_9->(6a18b61d-b226-4559-8a1d-a7606361596c, 'O_DECLINED'), p_9->(8ed858b4-e38d-48f0-9b3f-3ca28f066921, 'O_ACCEPTED'), p_9->(skip_5, None), source->(tau_1, None) ]",['source:1'],['sink:1'],0.11,0.0,0.25
0,IMbi_rel,2012_O_lp,2012_O_lm,0,0,0.4,1,False,,,,,,,"places: [ p_3, p_4, p_5, p_6, p_7, sink, source ]
transitions: [ (0795aecb-ebe9-427e-8ef5-4fdddcfab8e2, 'O_CANCELLED'), (2f3f90d0-d362-4568-b7f7-f6b7da00df91, 'O_CREATED'), (419673dd-a132-4461-a126-a07c1682c33b, 'O_ACCEPTED'), (44da1c55-25a9-450d-b259-7bc827d0c336, 'O_SENT_BACK'), (51dcdac4-dc60-40e1-bfd1-e2b8e98701cc, 'O_DECLINED'), (606aab15-8215-4e8e-9f71-d1b08a216d62, 'O_SELECTED'), (c2606ca3-3d6b-4357-9f39-f2289cff22eb, 'O_SENT'), (skip_1, None), (skip_2, None), (skip_3, None) ]
arcs: [ (0795aecb-ebe9-427e-8ef5-4fdddcfab8e2, 'O_CANCELLED')->sink, (2f3f90d0-d362-4568-b7f7-f6b7da00df91, 'O_CREATED')->p_4, (419673dd-a132-4461-a126-a07c1682c33b, 'O_ACCEPTED')->p_7, (44da1c55-25a9-450d-b259-7bc827d0c336, 'O_SENT_BACK')->sink, (51dcdac4-dc60-40e1-bfd1-e2b8e98701cc, 'O_DECLINED')->p_6, (606aab15-8215-4e8e-9f71-d1b08a216d62, 'O_SELECTED')->p_3, (c2606ca3-3d6b-4357-9f39-f2289cff22eb, 'O_SENT')->p_5, (skip_1, None)->p_6, (skip_2, None)->p_7, (skip_3, None)->sink, p_3->(2f3f90d0-d362-4568-b7f7-f6b7da00df91, 'O_CREATED'), p_4->(c2606ca3-3d6b-4357-9f39-f2289cff22eb, 'O_SENT'), p_5->(51dcdac4-dc60-40e1-bfd1-e2b8e98701cc, 'O_DECLINED'), p_5->(skip_1, None), p_6->(419673dd-a132-4461-a126-a07c1682c33b, 'O_ACCEPTED'), p_6->(skip_2, None), p_7->(0795aecb-ebe9-427e-8ef5-4fdddcfab8e2, 'O_CANCELLED'), p_7->(44da1c55-25a9-450d-b259-7bc827d0c336, 'O_SENT_BACK'), p_7->(skip_3, None), source->(606aab15-8215-4e8e-9f71-d1b08a216d62, 'O_SELECTED') ]",['source:1'],['sink:1'],0.08,-0.08,0.86
0,IMbi_aprox,2012_O_lp,2012_O_lm,0,0,0.4,1,False,,,,,,,"places: [ p_3, p_4, p_5, p_6, p_7, sink, source ]
transitions: [ (0fd712b1-faa9-4c12-bd62-a4701d29423a, 'O_CANCELLED'), (1a69964b-448d-4838-9c7d-eb290e5dbe4c, 'O_DECLINED'), (2b9f45e0-70e0-4161-afa4-a28b3c7b3531, 'O_SENT'), (60bccbea-6132-4e32-b284-21f5dd7e52a0, 'O_SENT_BACK'), (9a1ce674-192a-43f1-be26-c9b4af839e6a, 'O_SELECTED'), (a49e56e9-655f-443c-9e7f-d3a217cf3831, 'O_ACCEPTED'), (a916a4b8-fd1d-4f78-a918-a6ab6faf041a, 'O_CREATED'), (skip_1, None), (skip_2, None) ]
arcs: [ (0fd712b1-faa9-4c12-bd62-a4701d29423a, 'O_CANCELLED')->p_6, (1a69964b-448d-4838-9c7d-eb290e5dbe4c, 'O_DECLINED')->sink, (2b9f45e0-70e0-4161-afa4-a28b3c7b3531, 'O_SENT')->p_5, (60bccbea-6132-4e32-b284-21f5dd7e52a0, 'O_SENT_BACK')->p_7, (9a1ce674-192a-43f1-be26-c9b4af839e6a, 'O_SELECTED')->p_3, (a49e56e9-655f-443c-9e7f-d3a217cf3831, 'O_ACCEPTED')->sink, (a916a4b8-fd1d-4f78-a918-a6ab6faf041a, 'O_CREATED')->p_4, (skip_1, None)->p_6, (skip_2, None)->sink, p_3->(a916a4b8-fd1d-4f78-a918-a6ab6faf041a, 'O_CREATED'), p_4->(2b9f45e0-70e0-4161-afa4-a28b3c7b3531, 'O_SENT'), p_5->(0fd712b1-faa9-4c12-bd62-a4701d29423a, 'O_CANCELLED'), p_5->(skip_1, None), p_6->(60bccbea-6132-4e32-b284-21f5dd7e52a0, 'O_SENT_BACK'), p_7->(1a69964b-448d-4838-9c7d-eb290e5dbe4c, 'O_DECLINED'), p_7->(a49e56e9-655f-443c-9e7f-d3a217cf3831, 'O_ACCEPTED'), p_7->(skip_2, None), source->(9a1ce674-192a-43f1-be26-c9b4af839e6a, 'O_SELECTED') ]",['source:1'],['sink:1'],0.13,0.37,0.98
0,IMbi_freq,2017_O_lp,2017_O_lm,0,0,0.4,1,False,,,,,,,"places: [ p_10, p_11, p_14, p_15, p_5, p_6, p_7, p_8, p_9, sink, source ]
transitions: [ (01ba2b9c-303b-4d20-ade5-e08937eadfc5, 'O_Cancelled'), (123a25e3-8d72-4325-8be7-140f0f0827e9, 'O_Accepted'), (216d0bd9-3f71-45c6-84b1-9897bf9ebfbb, 'O_Sent (online only)'), (385b9519-6bf6-47d4-b825-96ffd91ae6ef, 'O_Sent (mail and online)'), (8c03ae5b-0422-4628-8fd6-4d6e02aa42da, 'O_Created'), (93744374-d2e1-409b-b121-3daa46288f10, 'O_Returned'), (9b8c4afa-0c26-4d60-b21f-dab4f2ace1f2, 'O_Refused'), (cbdd7541-b568-4c40-b5f9-8c7f33d99cfa, 'O_Create Offer'), (init_loop_5, None), (skip_10, None), (skip_4, None), (skip_7, None), (skip_8, None), (skip_9, None), (tau_1, None) ]
arcs: [ (01ba2b9c-303b-4d20-ade5-e08937eadfc5, 'O_Cancelled')->p_6, (123a25e3-8d72-4325-8be7-140f0f0827e9, 'O_Accepted')->sink, (216d0bd9-3f71-45c6-84b1-9897bf9ebfbb, 'O_Sent (online only)')->p_6, (385b9519-6bf6-47d4-b825-96ffd91ae6ef, 'O_Sent (mail and online)')->p_14, (8c03ae5b-0422-4628-8fd6-4d6e02aa42da, 'O_Created')->p_8, (93744374-d2e1-409b-b121-3daa46288f10, 'O_Returned')->p_15, (9b8c4afa-0c26-4d60-b21f-dab4f2ace1f2, 'O_Refused')->p_11, (cbdd7541-b568-4c40-b5f9-8c7f33d99cfa, 'O_Create Offer')->p_7, (init_loop_5, None)->p_10, (skip_10, None)->p_5, (skip_4, None)->p_9, (skip_7, None)->p_10, (skip_8, None)->p_9, (skip_9, None)->p_6, (tau_1, None)->p_5, p_10->(9b8c4afa-0c26-4d60-b21f-dab4f2ace1f2, 'O_Refused'), p_11->(skip_7, None), p_11->(skip_8, None), p_14->(93744374-d2e1-409b-b121-3daa46288f10, 'O_Returned'), p_15->(123a25e3-8d72-4325-8be7-140f0f0827e9, 'O_Accepted'), p_5->(cbdd7541-b568-4c40-b5f9-8c7f33d99cfa, 'O_Create Offer'), p_6->(385b9519-6bf6-47d4-b825-96ffd91ae6ef, 'O_Sent (mail and online)'), p_6->(skip_10, None), p_7->(8c03ae5b-0422-4628-8fd6-4d6e02aa42da, 'O_Created'), p_8->(init_loop_5, None), p_8->(skip_4, None), p_9->(01ba2b9c-303b-4d20-ade5-e08937eadfc5, 'O_Cancelled'), p_9->(216d0bd9-3f71-45c6-84b1-9897bf9ebfbb, 'O_Sent (online only)'), p_9->(skip_9, None), source->(tau_1, None) ]",['source:1'],['sink:1'],0.15,0.34,0.88
0,IMbi_rel,2017_O_lp,2017_O_lm,0,0,0.4,1,False,,,,,,,"places: [ p_10, p_11, p_12, p_13, p_4, p_5, p_6, p_7, p_8, p_9, sink, source ]
transitions: [ (244f9e64-dff6-41ba-88c7-bf268f0e2b5e, 'O_Created'), (35dc7da6-e651-4e3d-a503-40084ddcb976, 'O_Sent (mail and online)'), (3ef79edf-e06f-43ff-aadc-d9acc298a017, 'O_Create Offer'), (4169777c-446b-4e40-89ac-91f114684675, 'O_Accepted'), (643fa859-7476-48ec-bb34-d784a6f46f64, 'O_Returned'), (a6a2cce5-589b-4dfd-bd0d-2884640cdc46, 'O_Refused'), (c59342fa-e4f6-4f33-ab6a-ae96bedb7fb2, 'O_Cancelled'), (c86e534e-51bb-4d6e-96a7-17c35bd3765c, 'O_Sent (online only)'), (init_loop_4, None), (init_loop_7, None), (skip_10, None), (skip_11, None), (skip_12, None), (skip_13, None), (skip_14, None), (skip_15, None), (skip_6, None), (skip_9, None), (tau_1, None) ]
arcs: [ (244f9e64-dff6-41ba-88c7-bf268f0e2b5e, 'O_Created')->p_11, (35dc7da6-e651-4e3d-a503-40084ddcb976, 'O_Sent (mail and online)')->p_10, (3ef79edf-e06f-43ff-aadc-d9acc298a017, 'O_Create Offer')->p_13, (4169777c-446b-4e40-89ac-91f114684675, 'O_Accepted')->p_12, (643fa859-7476-48ec-bb34-d784a6f46f64, 'O_Returned')->p_7, (a6a2cce5-589b-4dfd-bd0d-2884640cdc46, 'O_Refused')->p_9, (c59342fa-e4f6-4f33-ab6a-ae96bedb7fb2, 'O_Cancelled')->p_5, (c86e534e-51bb-4d6e-96a7-17c35bd3765c, 'O_Sent (online only)')->sink, (init_loop_4, None)->p_7, (init_loop_7, None)->p_10, (skip_10, None)->p_13, (skip_11, None)->p_11, (skip_12, None)->p_8, (skip_13, None)->p_6, (skip_14, None)->p_4, (skip_15, None)->sink, (skip_6, None)->p_9, (skip_9, None)->p_12, (tau_1, None)->p_5, p_10->(4169777c-446b-4e40-89ac-91f114684675, 'O_Accepted'), p_10->(skip_9, None), p_11->(35dc7da6-e651-4e3d-a503-40084ddcb976, 'O_Sent (mail and online)'), p_11->(skip_12, None), p_12->(3ef79edf-e06f-43ff-aadc-d9acc298a017, 'O_Create Offer'), p_12->(skip_10, None), p_13->(244f9e64-dff6-41ba-88c7-bf268f0e2b5e, 'O_Created'), p_13->(skip_11, None), p_4->(c86e534e-51bb-4d6e-96a7-17c35bd3765c, 'O_Sent (online only)'), p_4->(skip_15, None), p_5->(init_loop_4, None), p_6->(c59342fa-e4f6-4f33-ab6a-ae96bedb7fb2, 'O_Cancelled'), p_6->(skip_14, None), p_7->(a6a2cce5-589b-4dfd-bd0d-2884640cdc46, 'O_Refused'), p_7->(skip_6, None), p_8->(643fa859-7476-48ec-bb34-d784a6f46f64, 'O_Returned'), p_8->(skip_13, None), p_9->(init_loop_7, None), source->(tau_1, None) ]",['source:1'],['sink:1'],-0.0,-0.04,0.38
0,IMbi_aprox,2017_O_lp,2017_O_lm,0,0,0.4,1,False,,,,,,,"places: [ p_10, p_11, p_12, p_14, p_4, p_5, p_6, p_7, p_8, p_9, sink, source ]
transitions: [ (045527c5-9fbe-4be5-9063-9e7f1555a0d7, 'O_Sent (online only)'), (173afd55-3f1a-4c28-8004-80bcee17a815, 'O_Cancelled'), (3e5afe63-9201-452d-8cc6-54bb2584fdf8, 'O_Created'), (662d9ce1-a6b4-4e33-9ce1-90fa2886f9ac, 'O_Refused'), (84286c05-0af6-411c-b65e-fd71029f1832, 'O_Returned'), (92d39561-82bb-4dd9-9009-d4792aed377d, 'O_Create Offer'), (b32c73ef-6d80-4bc2-82d6-cfb2a22daaab, 'O_Accepted'), (f47dfbf6-2f60-403b-be5e-07255d928e02, 'O_Sent (mail and online)'), (skip_10, None), (skip_11, None), (skip_4, None), (skip_5, None), (skip_8, None), (skip_9, None), (tauJoin_7, None), (tauSplit_6, None), (tau_1, None) ]
arcs: [ (045527c5-9fbe-4be5-9063-9e7f1555a0d7, 'O_Sent (online only)')->sink, (173afd55-3f1a-4c28-8004-80bcee17a815, 'O_Cancelled')->p_14, (3e5afe63-9201-452d-8cc6-54bb2584fdf8, 'O_Created')->p_12, (662d9ce1-a6b4-4e33-9ce1-90fa2886f9ac, 'O_Refused')->p_12, (84286c05-0af6-411c-b65e-fd71029f1832, 'O_Returned')->p_5, (92d39561-82bb-4dd9-9009-d4792aed377d, 'O_Create Offer')->p_10, (b32c73ef-6d80-4bc2-82d6-cfb2a22daaab, 'O_Accepted')->p_6, (f47dfbf6-2f60-403b-be5e-07255d928e02, 'O_Sent (mail and online)')->p_8, (skip_10, None)->p_14, (skip_11, None)->sink, (skip_4, None)->p_7, (skip_5, None)->p_8, (skip_8, None)->p_6, (skip_9, None)->p_4, (tauJoin_7, None)->p_7, (tauSplit_6, None)->p_11, (tauSplit_6, None)->p_9, (tau_1, None)->p_5, p_10->(tauJoin_7, None), p_11->(3e5afe63-9201-452d-8cc6-54bb2584fdf8, 'O_Created'), p_11->(662d9ce1-a6b4-4e33-9ce1-90fa2886f9ac, 'O_Refused'), p_12->(tauJoin_7, None), p_14->(045527c5-9fbe-4be5-9063-9e7f1555a0d7, 'O_Sent (online only)'), p_14->(skip_11, None), p_4->(173afd55-3f1a-4c28-8004-80bcee17a815, 'O_Cancelled'), p_4->(skip_10, None), p_5->(f47dfbf6-2f60-403b-be5e-07255d928e02, 'O_Sent (mail and online)'), p_5->(skip_4, None), p_5->(skip_5, None), p_6->(84286c05-0af6-411c-b65e-fd71029f1832, 'O_Returned'), p_6->(skip_9, None), p_7->(b32c73ef-6d80-4bc2-82d6-cfb2a22daaab, 'O_Accepted'), p_7->(skip_8, None), p_8->(tauSplit_6, None), p_9->(92d39561-82bb-4dd9-9009-d4792aed377d, 'O_Create Offer'), source->(tau_1, None) ]",['source:1'],['sink:1'],0.04,-0.01,0.29
0,IMbi_freq,2012_O_lp,2012_O_lm,0,0,0.2,0.8,False,,,,,,,"places: [ p_10, p_5, p_6, p_7, p_9, sink, source ]
transitions: [ (13b4ebad-6533-449c-b258-d6cfc9e3f5d8, 'O_ACCEPTED'), (21e39302-a741-4155-81bc-9e54f70bdc62, 'O_CANCELLED'), (27065042-8057-4714-930e-e0595fd38e6e, 'O_DECLINED'), (9317c75d-07f5-4672-94b3-75111c71df0a, 'O_CREATED'), (a4fd2a51-1858-4a61-ba57-33421643e9ad, 'O_SENT'), (d0dc3ec6-4f66-4924-9a40-2a0d0f9dcc1c, 'O_SELECTED'), (fd9ecca1-dbed-4615-b00f-ccce054e1273, 'O_SENT_BACK'), (skip_5, None), (skip_6, None), (tau_1, None) ]
arcs: [ (13b4ebad-6533-449c-b258-d6cfc9e3f5d8, 'O_ACCEPTED')->sink, (21e39302-a741-4155-81bc-9e54f70bdc62, 'O_CANCELLED')->p_5, (27065042-8057-4714-930e-e0595fd38e6e, 'O_DECLINED')->sink, (9317c75d-07f5-4672-94b3-75111c71df0a, 'O_CREATED')->p_6, (a4fd2a51-1858-4a61-ba57-33421643e9ad, 'O_SENT')->p_9, (d0dc3ec6-4f66-4924-9a40-2a0d0f9dcc1c, 'O_SELECTED')->p_7, (fd9ecca1-dbed-4615-b00f-ccce054e1273, 'O_SENT_BACK')->p_10, (skip_5, None)->p_10, (skip_6, None)->sink, (tau_1, None)->p_5, p_10->(13b4ebad-6533-449c-b258-d6cfc9e3f5d8, 'O_ACCEPTED'), p_10->(27065042-8057-4714-930e-e0595fd38e6e, 'O_DECLINED'), p_10->(skip_6, None), p_5->(d0dc3ec6-4f66-4924-9a40-2a0d0f9dcc1c, 'O_SELECTED'), p_6->(21e39302-a741-4155-81bc-9e54f70bdc62, 'O_CANCELLED'), p_6->(a4fd2a51-1858-4a61-ba57-33421643e9ad, 'O_SENT'), p_7->(9317c75d-07f5-4672-94b3-75111c71df0a, 'O_CREATED'), p_9->(fd9ecca1-dbed-4615-b00f-ccce054e1273, 'O_SENT_BACK'), p_9->(skip_5, None), source->(tau_1, None) ]",['source:1'],['sink:1'],0.1,0.41,0.75
0,IMbi_rel,2012_O_lp,2012_O_lm,0,0,0.2,0.8,False,,,,,,,"places: [ p_3, p_4, p_5, p_6, p_7, p_8, sink, source ]
transitions: [ (14e1c06f-91c2-4692-af44-50ce72cc5f3d, 'O_CANCELLED'), (2898d7b2-7b3b-4524-b303-7c4ea5b277e8, 'O_SENT'), (324215c4-7d44-48c7-b661-ad4d9bc65532, 'O_SENT_BACK'), (998798bc-93c6-48a7-99ac-096eb7fa7340, 'O_DECLINED'), (a4f78441-7e85-4dcd-84cf-7dd218904ffb, 'O_SELECTED'), (c87bd902-d026-4f64-83ac-36ff38a6def5, 'O_CREATED'), (dd19a648-364f-4c62-a62d-b21ca811bb8b, 'O_ACCEPTED'), (skip_1, None), (skip_2, None), (skip_3, None), (skip_4, None) ]
arcs: [ (14e1c06f-91c2-4692-af44-50ce72cc5f3d, 'O_CANCELLED')->p_6, (2898d7b2-7b3b-4524-b303-7c4ea5b277e8, 'O_SENT')->p_5, (324215c4-7d44-48c7-b661-ad4d9bc65532, 'O_SENT_BACK')->p_7, (998798bc-93c6-48a7-99ac-096eb7fa7340, 'O_DECLINED')->sink, (a4f78441-7e85-4dcd-84cf-7dd218904ffb, 'O_SELECTED')->p_3, (c87bd902-d026-4f64-83ac-36ff38a6def5, 'O_CREATED')->p_4, (dd19a648-364f-4c62-a62d-b21ca811bb8b, 'O_ACCEPTED')->p_8, (skip_1, None)->p_6, (skip_2, None)->p_7, (skip_3, None)->p_8, (skip_4, None)->sink, p_3->(c87bd902-d026-4f64-83ac-36ff38a6def5, 'O_CREATED'), p_4->(2898d7b2-7b3b-4524-b303-7c4ea5b277e8, 'O_SENT'), p_5->(14e1c06f-91c2-4692-af44-50ce72cc5f3d, 'O_CANCELLED'), p_5->(skip_1, None), p_6->(324215c4-7d44-48c7-b661-ad4d9bc65532, 'O_SENT_BACK'), p_6->(skip_2, None), p_7->(dd19a648-364f-4c62-a62d-b21ca811bb8b, 'O_ACCEPTED'), p_7->(skip_3, None), p_8->(998798bc-93c6-48a7-99ac-096eb7fa7340, 'O_DECLINED'), p_8->(skip_4, None), source->(a4f78441-7e85-4dcd-84cf-7dd218904ffb, 'O_SELECTED') ]",['source:1'],['sink:1'],0.12,0.29,0.84
0,IMbi_aprox,2012_O_lp,2012_O_lm,0,0,0.2,0.8,False,,,,,,,"places: [ p_3, p_4, p_5, p_6, p_7, sink, source ]
transitions: [ (22026a2b-2491-4534-860f-25a9e3bc223e, 'O_SENT'), (569707dc-3f33-40bc-aa49-3fc94d944004, 'O_SELECTED'), (59ffd941-5ceb-4530-93e7-67f209f2e13c, 'O_SENT_BACK'), (862ae327-edbd-48fb-9d1e-70932362a74a, 'O_DECLINED'), (b0aae459-785b-4c0d-a3b2-2e97023188ef, 'O_CREATED'), (e80feafe-a584-42f1-9be2-d647d8133ebb, 'O_CANCELLED'), (fede4077-383a-4291-9af8-7d15e2348831, 'O_ACCEPTED'), (skip_1, None), (skip_2, None), (skip_3, None) ]
arcs: [ (22026a2b-2491-4534-860f-25a9e3bc223e, 'O_SENT')->p_5, (569707dc-3f33-40bc-aa49-3fc94d944004, 'O_SELECTED')->p_3, (59ffd941-5ceb-4530-93e7-67f209f2e13c, 'O_SENT_BACK')->p_7, (862ae327-edbd-48fb-9d1e-70932362a74a, 'O_DECLINED')->sink, (b0aae459-785b-4c0d-a3b2-2e97023188ef, 'O_CREATED')->p_4, (e80feafe-a584-42f1-9be2-d647d8133ebb, 'O_CANCELLED')->p_6, (fede4077-383a-4291-9af8-7d15e2348831, 'O_ACCEPTED')->sink, (skip_1, None)->p_6, (skip_2, None)->p_7, (skip_3, None)->sink, p_3->(b0aae459-785b-4c0d-a3b2-2e97023188ef, 'O_CREATED'), p_4->(22026a2b-2491-4534-860f-25a9e3bc223e, 'O_SENT'), p_5->(e80feafe-a584-42f1-9be2-d647d8133ebb, 'O_CANCELLED'), p_5->(skip_1, None), p_6->(59ffd941-5ceb-4530-93e7-67f209f2e13c, 'O_SENT_BACK'), p_6->(skip_2, None), p_7->(862ae327-edbd-48fb-9d1e-70932362a74a, 'O_DECLINED'), p_7->(fede4077-383a-4291-9af8-7d15e2348831, 'O_ACCEPTED'), p_7->(skip_3, None), source->(569707dc-3f33-40bc-aa49-3fc94d944004, 'O_SELECTED') ]",['source:1'],['sink:1'],0.12,0.29,0.84
0,IMbi_freq,2017_O_lp,2017_O_lm,0,0,0.2,0.8,False,,,,,,,"places: [ p_10, p_11, p_13, p_14, p_4, p_5, p_6, p_7, p_8, p_9, sink, source ]
transitions: [ (1365176a-880a-4cad-983f-cec7d6038ce8, 'O_Refused'), (2d87410c-ad6e-4d86-9eb4-f051f0227052, 'O_Sent (mail and online)'), (2f943f34-166a-4142-bd50-effe653964e1, 'O_Accepted'), (39381a43-41d1-4dff-a5ee-c68d3e56c529, 'O_Returned'), (6226aa50-06c1-45bf-b7a4-ffd29cfb2169, 'O_Sent (online only)'), (dac5c343-07f2-4655-9165-0104b97d8eb4, 'O_Create Offer'), (e5d7d27c-7ffc-4a48-b827-874ae075298b, 'O_Created'), (f027b6b0-2857-4e5f-abde-70e36b3c0094, 'O_Cancelled'), (init_loop_5, None), (skip_10, None), (skip_11, None), (skip_12, None), (skip_13, None), (skip_14, None), (skip_4, None), (skip_7, None), (skip_8, None), (skip_9, None), (tau_1, None) ]
arcs: [ (1365176a-880a-4cad-983f-cec7d6038ce8, 'O_Refused')->sink, (2d87410c-ad6e-4d86-9eb4-f051f0227052, 'O_Sent (mail and online)')->p_13, (2f943f34-166a-4142-bd50-effe653964e1, 'O_Accepted')->p_6, (39381a43-41d1-4dff-a5ee-c68d3e56c529, 'O_Returned')->p_14, (6226aa50-06c1-45bf-b7a4-ffd29cfb2169, 'O_Sent (online only)')->p_13, (dac5c343-07f2-4655-9165-0104b97d8eb4, 'O_Create Offer')->p_7, (e5d7d27c-7ffc-4a48-b827-874ae075298b, 'O_Created')->p_8, (f027b6b0-2857-4e5f-abde-70e36b3c0094, 'O_Cancelled')->p_11, (init_loop_5, None)->p_10, (skip_10, None)->p_6, (skip_11, None)->p_6, (skip_12, None)->p_5, (skip_13, None)->p_4, (skip_14, None)->sink, (skip_4, None)->p_9, (skip_7, None)->p_10, (skip_8, None)->p_9, (skip_9, None)->p_13, (tau_1, None)->p_5, p_10->(f027b6b0-2857-4e5f-abde-70e36b3c0094, 'O_Cancelled'), p_11->(skip_7, None), p_11->(skip_8, None), p_13->(39381a43-41d1-4dff-a5ee-c68d3e56c529, 'O_Returned'), p_13->(skip_10, None), p_14->(2f943f34-166a-4142-bd50-effe653964e1, 'O_Accepted'), p_14->(skip_11, None), p_4->(1365176a-880a-4cad-983f-cec7d6038ce8, 'O_Refused'), p_4->(skip_14, None), p_5->(dac5c343-07f2-4655-9165-0104b97d8eb4, 'O_Create Offer'), p_6->(skip_12, None), p_6->(skip_13, None), p_7->(e5d7d27c-7ffc-4a48-b827-874ae075298b, 'O_Created'), p_8->(init_loop_5, None), p_8->(skip_4, None), p_9->(2d87410c-ad6e-4d86-9eb4-f051f0227052, 'O_Sent (mail and online)'), p_9->(6226aa50-06c1-45bf-b7a4-ffd29cfb2169, 'O_Sent (online only)'), p_9->(skip_9, None), source->(tau_1, None) ]",['source:1'],['sink:1'],0.06,0.29,0.82
0,IMbi_rel,2017_O_lp,2017_O_lm,0,0,0.2,0.8,False,,,,,,,"places: [ p_11, p_12, p_15, p_4, p_5, p_6, p_7, p_8, p_9, sink, source ]
transitions: [ (0a325b0a-c247-4162-906c-61f534e2fec1, 'O_Returned'), (0c4c1d99-d1d9-4244-b085-d1be728bed8c, 'O_Create Offer'), (21cdfe58-5c99-459b-835b-67d1d628a104, 'O_Sent (mail and online)'), (44b18707-d413-4acc-ad37-c3cf99fdb1f5, 'O_Accepted'), (534b1f1c-b4d2-4e48-bbf4-fb4f3ef40db9, 'O_Sent (online only)'), (7ee6e7fb-acf9-4c5c-aa8f-35a748f8a0b1, 'O_Created'), (d386db88-bfa4-48c2-b843-ad87e5999b22, 'O_Cancelled'), (f935b476-c563-4556-b0e7-bb8cce730b38, 'O_Refused'), (init_loop_4, None), (skip_10, None), (skip_11, None), (skip_12, None), (skip_13, None), (skip_14, None), (skip_15, None), (skip_6, None), (skip_9, None), (tau_1, None) ]
arcs: [ (0a325b0a-c247-4162-906c-61f534e2fec1, 'O_Returned')->p_8, (0c4c1d99-d1d9-4244-b085-d1be728bed8c, 'O_Create Offer')->p_11, (21cdfe58-5c99-459b-835b-67d1d628a104, 'O_Sent (mail and online)')->p_12, (44b18707-d413-4acc-ad37-c3cf99fdb1f5, 'O_Accepted')->p_6, (534b1f1c-b4d2-4e48-bbf4-fb4f3ef40db9, 'O_Sent (online only)')->sink, (7ee6e7fb-acf9-4c5c-aa8f-35a748f8a0b1, 'O_Created')->p_11, (d386db88-bfa4-48c2-b843-ad87e5999b22, 'O_Cancelled')->p_5, (f935b476-c563-4556-b0e7-bb8cce730b38, 'O_Refused')->p_15, (init_loop_4, None)->p_8, (skip_10, None)->p_9, (skip_11, None)->p_7, (skip_12, None)->p_15, (skip_13, None)->p_6, (skip_14, None)->p_4, (skip_15, None)->sink, (skip_6, None)->p_9, (skip_9, None)->p_12, (tau_1, None)->p_5, p_11->(21cdfe58-5c99-459b-835b-67d1d628a104, 'O_Sent (mail and online)'), p_11->(skip_9, None), p_12->(7ee6e7fb-acf9-4c5c-aa8f-35a748f8a0b1, 'O_Created'), p_12->(skip_10, None), p_15->(44b18707-d413-4acc-ad37-c3cf99fdb1f5, 'O_Accepted'), p_15->(skip_13, None), p_4->(534b1f1c-b4d2-4e48-bbf4-fb4f3ef40db9, 'O_Sent (online only)'), p_4->(skip_15, None), p_5->(init_loop_4, None), p_6->(d386db88-bfa4-48c2-b843-ad87e5999b22, 'O_Cancelled'), p_6->(skip_14, None), p_7->(f935b476-c563-4556-b0e7-bb8cce730b38, 'O_Refused'), p_7->(skip_12, None), p_8->(0c4c1d99-d1d9-4244-b085-d1be728bed8c, 'O_Create Offer'), p_8->(skip_6, None), p_9->(0a325b0a-c247-4162-906c-61f534e2fec1, 'O_Returned'), p_9->(skip_11, None), source->(tau_1, None) ]",['source:1'],['sink:1'],-0.0,-0.08,0.36
0,IMbi_aprox,2017_O_lp,2017_O_lm,0,0,0.2,0.8,False,,,,,,,"places: [ p_10, p_5, p_6, p_8, p_9, sink, source ]
transitions: [ (0b53df37-a9cc-439e-959b-f18f745efeb1, 'O_Sent (online only)'), (250c2d55-2b80-426c-af55-b5c90fafc6b8, 'O_Sent (mail and online)'), (2e01522a-07ff-438f-be5c-54ad3feed353, 'O_Created'), (436f34ce-5b9f-4e0e-8857-d737ba1f79b6, 'O_Refused'), (5805a737-7517-4574-afb6-b493a66ca360, 'O_Cancelled'), (a664f97c-cbd4-41f5-9bfc-9eb5826fb059, 'O_Accepted'), (b9c10d7b-8793-47d6-bd6c-fdba8741dde0, 'O_Create Offer'), (e5be3ed1-209a-45b7-b4cf-001d84b68eb2, 'O_Returned'), (skip_3, None), (skip_5, None), (skip_6, None) ]
arcs: [ (0b53df37-a9cc-439e-959b-f18f745efeb1, 'O_Sent (online only)')->p_9, (250c2d55-2b80-426c-af55-b5c90fafc6b8, 'O_Sent (mail and online)')->p_5, (2e01522a-07ff-438f-be5c-54ad3feed353, 'O_Created')->p_6, (436f34ce-5b9f-4e0e-8857-d737ba1f79b6, 'O_Refused')->sink, (5805a737-7517-4574-afb6-b493a66ca360, 'O_Cancelled')->sink, (a664f97c-cbd4-41f5-9bfc-9eb5826fb059, 'O_Accepted')->p_10, (b9c10d7b-8793-47d6-bd6c-fdba8741dde0, 'O_Create Offer')->p_5, (e5be3ed1-209a-45b7-b4cf-001d84b68eb2, 'O_Returned')->p_8, (skip_3, None)->p_6, (skip_5, None)->p_9, (skip_6, None)->sink, p_10->(5805a737-7517-4574-afb6-b493a66ca360, 'O_Cancelled'), p_10->(skip_6, None), p_5->(2e01522a-07ff-438f-be5c-54ad3feed353, 'O_Created'), p_5->(skip_3, None), p_6->(250c2d55-2b80-426c-af55-b5c90fafc6b8, 'O_Sent (mail and online)'), p_6->(e5be3ed1-209a-45b7-b4cf-001d84b68eb2, 'O_Returned'), p_8->(0b53df37-a9cc-439e-959b-f18f745efeb1, 'O_Sent (online only)'), p_8->(skip_5, None), p_9->(436f34ce-5b9f-4e0e-8857-d737ba1f79b6, 'O_Refused'), p_9->(a664f97c-cbd4-41f5-9bfc-9eb5826fb059, 'O_Accepted'), source->(b9c10d7b-8793-47d6-bd6c-fdba8741dde0, 'O_Create Offer') ]",['source:1'],['sink:1'],0.13,0.29,0.49
0,IMbi_freq,2012_O_lp,2012_O_lm,0,0,0.3,0.8,False,,,,,,,"places: [ p_10, p_5, p_6, p_7, p_9, sink, source ]
transitions: [ (7a6c171f-7870-483e-af8f-8a3c1ac3801e, 'O_DECLINED'), (918d3d2a-261b-4fa7-b19a-448ebd081f21, 'O_SENT'), (9491cc2f-7619-4f9f-b061-a062e36f4527, 'O_SELECTED'), (c5fecbae-d933-407f-9505-f2e75ef6a59a, 'O_CANCELLED'), (ce889078-ce9e-44b1-a087-13b4c31f1e58, 'O_CREATED'), (e6a34c3c-d3c1-413e-89be-c7b0a1fd0b15, 'O_ACCEPTED'), (eff7bca3-94f0-4cad-9c40-59210ac9ef15, 'O_SENT_BACK'), (skip_5, None), (skip_6, None), (tau_1, None) ]
arcs: [ (7a6c171f-7870-483e-af8f-8a3c1ac3801e, 'O_DECLINED')->sink, (918d3d2a-261b-4fa7-b19a-448ebd081f21, 'O_SENT')->p_9, (9491cc2f-7619-4f9f-b061-a062e36f4527, 'O_SELECTED')->p_7, (c5fecbae-d933-407f-9505-f2e75ef6a59a, 'O_CANCELLED')->p_5, (ce889078-ce9e-44b1-a087-13b4c31f1e58, 'O_CREATED')->p_6, (e6a34c3c-d3c1-413e-89be-c7b0a1fd0b15, 'O_ACCEPTED')->sink, (eff7bca3-94f0-4cad-9c40-59210ac9ef15, 'O_SENT_BACK')->p_10, (skip_5, None)->p_10, (skip_6, None)->sink, (tau_1, None)->p_5, p_10->(7a6c171f-7870-483e-af8f-8a3c1ac3801e, 'O_DECLINED'), p_10->(e6a34c3c-d3c1-413e-89be-c7b0a1fd0b15, 'O_ACCEPTED'), p_10->(skip_6, None), p_5->(9491cc2f-7619-4f9f-b061-a062e36f4527, 'O_SELECTED'), p_6->(918d3d2a-261b-4fa7-b19a-448ebd081f21, 'O_SENT'), p_6->(c5fecbae-d933-407f-9505-f2e75ef6a59a, 'O_CANCELLED'), p_7->(ce889078-ce9e-44b1-a087-13b4c31f1e58, 'O_CREATED'), p_9->(eff7bca3-94f0-4cad-9c40-59210ac9ef15, 'O_SENT_BACK'), p_9->(skip_5, None), source->(tau_1, None) ]",['source:1'],['sink:1'],0.1,0.41,0.75
0,IMbi_rel,2012_O_lp,2012_O_lm,0,0,0.3,0.8,False,,,,,,,"places: [ p_3, p_4, p_5, p_6, p_7, p_8, sink, source ]
transitions: [ (258946bd-a7d2-424b-97fd-942a1ed41e5b, 'O_ACCEPTED'), (3a4ca11f-cabf-444d-bf11-aa484f0b3178, 'O_SENT'), (8a33c11e-f145-4ebf-9716-141a1cd68e66, 'O_SENT_BACK'), (8ef95496-3aba-4365-a3b3-f52c4cdaed57, 'O_CANCELLED'), (a6a9f7c4-b9d7-4f6f-b007-d02bde83bf4c, 'O_DECLINED'), (e3dd2a70-47d2-48fe-9410-f0dbf0e23525, 'O_CREATED'), (f654e2f8-2986-4d0f-ad94-c0ce32ae01b5, 'O_SELECTED'), (skip_1, None), (skip_2, None), (skip_3, None), (skip_4, None) ]
arcs: [ (258946bd-a7d2-424b-97fd-942a1ed41e5b, 'O_ACCEPTED')->p_8, (3a4ca11f-cabf-444d-bf11-aa484f0b3178, 'O_SENT')->p_5, (8a33c11e-f145-4ebf-9716-141a1cd68e66, 'O_SENT_BACK')->p_7, (8ef95496-3aba-4365-a3b3-f52c4cdaed57, 'O_CANCELLED')->p_6, (a6a9f7c4-b9d7-4f6f-b007-d02bde83bf4c, 'O_DECLINED')->sink, (e3dd2a70-47d2-48fe-9410-f0dbf0e23525, 'O_CREATED')->p_4, (f654e2f8-2986-4d0f-ad94-c0ce32ae01b5, 'O_SELECTED')->p_3, (skip_1, None)->p_6, (skip_2, None)->p_7, (skip_3, None)->p_8, (skip_4, None)->sink, p_3->(e3dd2a70-47d2-48fe-9410-f0dbf0e23525, 'O_CREATED'), p_4->(3a4ca11f-cabf-444d-bf11-aa484f0b3178, 'O_SENT'), p_5->(8ef95496-3aba-4365-a3b3-f52c4cdaed57, 'O_CANCELLED'), p_5->(skip_1, None), p_6->(8a33c11e-f145-4ebf-9716-141a1cd68e66, 'O_SENT_BACK'), p_6->(skip_2, None), p_7->(258946bd-a7d2-424b-97fd-942a1ed41e5b, 'O_ACCEPTED'), p_7->(skip_3, None), p_8->(a6a9f7c4-b9d7-4f6f-b007-d02bde83bf4c, 'O_DECLINED'), p_8->(skip_4, None), source->(f654e2f8-2986-4d0f-ad94-c0ce32ae01b5, 'O_SELECTED') ]",['source:1'],['sink:1'],0.12,0.29,0.84
0,IMbi_aprox,2012_O_lp,2012_O_lm,0,0,0.3,0.8,False,,,,,,,"places: [ p_3, p_4, p_5, p_6, p_7, sink, source ]
transitions: [ (3045d527-429c-44cb-97c5-83f1f36cc239, 'O_CREATED'), (3b1b2163-dbbb-44aa-a342-392165d9861d, 'O_SENT'), (40a6b7a3-ff04-45b9-9655-cfcae7272403, 'O_ACCEPTED'), (b21a92bd-58d2-42b5-b289-bef46cb98fc6, 'O_DECLINED'), (c15c4a1e-0c74-4405-8170-f842b228f8a5, 'O_SENT_BACK'), (c535c19d-6fb3-4d24-bbff-1a688b5fe265, 'O_CANCELLED'), (de0c8f2f-9442-4acf-b9cc-4aec04d8f866, 'O_SELECTED'), (skip_1, None), (skip_2, None), (skip_3, None) ]
arcs: [ (3045d527-429c-44cb-97c5-83f1f36cc239, 'O_CREATED')->p_4, (3b1b2163-dbbb-44aa-a342-392165d9861d, 'O_SENT')->p_5, (40a6b7a3-ff04-45b9-9655-cfcae7272403, 'O_ACCEPTED')->sink, (b21a92bd-58d2-42b5-b289-bef46cb98fc6, 'O_DECLINED')->sink, (c15c4a1e-0c74-4405-8170-f842b228f8a5, 'O_SENT_BACK')->p_7, (c535c19d-6fb3-4d24-bbff-1a688b5fe265, 'O_CANCELLED')->p_6, (de0c8f2f-9442-4acf-b9cc-4aec04d8f866, 'O_SELECTED')->p_3, (skip_1, None)->p_6, (skip_2, None)->p_7, (skip_3, None)->sink, p_3->(3045d527-429c-44cb-97c5-83f1f36cc239, 'O_CREATED'), p_4->(3b1b2163-dbbb-44aa-a342-392165d9861d, 'O_SENT'), p_5->(c535c19d-6fb3-4d24-bbff-1a688b5fe265, 'O_CANCELLED'), p_5->(skip_1, None), p_6->(c15c4a1e-0c74-4405-8170-f842b228f8a5, 'O_SENT_BACK'), p_6->(skip_2, None), p_7->(40a6b7a3-ff04-45b9-9655-cfcae7272403, 'O_ACCEPTED'), p_7->(b21a92bd-58d2-42b5-b289-bef46cb98fc6, 'O_DECLINED'), p_7->(skip_3, None), source->(de0c8f2f-9442-4acf-b9cc-4aec04d8f866, 'O_SELECTED') ]",['source:1'],['sink:1'],0.12,0.29,0.84
0,IMbi_freq,2017_O_lp,2017_O_lm,0,0,0.3,0.8,False,,,,,,,"places: [ p_10, p_11, p_12, p_14, p_15, p_16, p_17, p_18, p_19, p_21, p_22, p_5, p_6, p_7, p_8, p_9, sink, source ]
transitions: [ (00aaa957-9e97-4f37-a1d3-b781a01e6bde, 'O_Created'), (a4979047-97c9-4917-8845-a416b7c8cab6, 'O_Accepted'), (a50308cd-4544-496e-b56d-e71d491122eb, 'O_Returned'), (aec39bda-5f4a-4383-a46f-92c01f13d48c, 'O_Sent (online only)'), (d806928e-20bc-41dd-ac51-22a4034508b7, 'O_Refused'), (dbbb831e-95bd-4441-96c7-325ea297f337, 'O_Sent (mail and online)'), (f2efa629-22c1-451d-a7a8-7659cec175dd, 'O_Cancelled'), (ff74be4d-6490-4fd1-a4dd-8a40f20e26f1, 'O_Create Offer'), (init_loop_10, None), (skip_12, None), (skip_13, None), (skip_6, None), (skip_9, None), (tauJoin_5, None), (tauJoin_8, None), (tauSplit_4, None), (tauSplit_7, None), (tau_1, None) ]
arcs: [ (00aaa957-9e97-4f37-a1d3-b781a01e6bde, 'O_Created')->p_8, (a4979047-97c9-4917-8845-a416b7c8cab6, 'O_Accepted')->sink, (a50308cd-4544-496e-b56d-e71d491122eb, 'O_Returned')->p_22, (aec39bda-5f4a-4383-a46f-92c01f13d48c, 'O_Sent (online only)')->p_12, (d806928e-20bc-41dd-ac51-22a4034508b7, 'O_Refused')->p_19, (dbbb831e-95bd-4441-96c7-325ea297f337, 'O_Sent (mail and online)')->p_21, (f2efa629-22c1-451d-a7a8-7659cec175dd, 'O_Cancelled')->p_15, (ff74be4d-6490-4fd1-a4dd-8a40f20e26f1, 'O_Create Offer')->p_10, (init_loop_10, None)->p_18, (skip_12, None)->p_18, (skip_13, None)->p_17, (skip_6, None)->p_12, (skip_9, None)->p_17, (tauJoin_5, None)->p_6, (tauJoin_8, None)->p_5, (tauSplit_4, None)->p_11, (tauSplit_4, None)->p_7, (tauSplit_4, None)->p_9, (tauSplit_7, None)->p_14, (tauSplit_7, None)->p_16, (tau_1, None)->p_5, p_10->(tauJoin_5, None), p_11->(aec39bda-5f4a-4383-a46f-92c01f13d48c, 'O_Sent (online only)'), p_11->(skip_6, None), p_12->(tauJoin_5, None), p_14->(f2efa629-22c1-451d-a7a8-7659cec175dd, 'O_Cancelled'), p_15->(tauJoin_8, None), p_16->(init_loop_10, None), p_16->(skip_9, None), p_17->(tauJoin_8, None), p_18->(d806928e-20bc-41dd-ac51-22a4034508b7, 'O_Refused'), p_19->(skip_12, None), p_19->(skip_13, None), p_21->(a50308cd-4544-496e-b56d-e71d491122eb, 'O_Returned'), p_22->(a4979047-97c9-4917-8845-a416b7c8cab6, 'O_Accepted'), p_5->(tauSplit_4, None), p_6->(dbbb831e-95bd-4441-96c7-325ea297f337, 'O_Sent (mail and online)'), p_6->(tauSplit_7, None), p_7->(00aaa957-9e97-4f37-a1d3-b781a01e6bde, 'O_Created'), p_8->(tauJoin_5, None), p_9->(ff74be4d-6490-4fd1-a4dd-8a40f20e26f1, 'O_Create Offer'), source->(tau_1, None) ]",['source:1'],['sink:1'],0.14,0.34,0.62
0,IMbi_rel,2017_O_lp,2017_O_lm,0,0,0.3,0.8,False,,,,,,,"places: [ p_11, p_12, p_15, p_4, p_5, p_6, p_7, p_8, p_9, sink, source ]
transitions: [ (16c445d8-1b34-4f38-8cf1-2eb7c187f081, 'O_Cancelled'), (218a00fb-21b1-40ea-a00b-d82bf0eb3de3, 'O_Sent (online only)'), (5e966d6e-3f21-480a-adf0-9e10b499ac89, 'O_Sent (mail and online)'), (7ac32104-f06b-425d-a0b4-24b08540476b, 'O_Accepted'), (7c6d3d45-406a-467c-b982-4d4d074e556c, 'O_Returned'), (958e42e1-5e93-45f3-a6c6-68b1d1b2e2ac, 'O_Create Offer'), (e8ecd45b-5471-4414-8306-c73a646783c1, 'O_Refused'), (fde8d5bb-2672-41b5-aeef-d1c831bac0b7, 'O_Created'), (init_loop_4, None), (skip_10, None), (skip_11, None), (skip_12, None), (skip_13, None), (skip_14, None), (skip_15, None), (skip_6, None), (skip_9, None), (tau_1, None) ]
arcs: [ (16c445d8-1b34-4f38-8cf1-2eb7c187f081, 'O_Cancelled')->p_5, (218a00fb-21b1-40ea-a00b-d82bf0eb3de3, 'O_Sent (online only)')->sink, (5e966d6e-3f21-480a-adf0-9e10b499ac89, 'O_Sent (mail and online)')->p_12, (7ac32104-f06b-425d-a0b4-24b08540476b, 'O_Accepted')->p_6, (7c6d3d45-406a-467c-b982-4d4d074e556c, 'O_Returned')->p_8, (958e42e1-5e93-45f3-a6c6-68b1d1b2e2ac, 'O_Create Offer')->p_11, (e8ecd45b-5471-4414-8306-c73a646783c1, 'O_Refused')->p_15, (fde8d5bb-2672-41b5-aeef-d1c831bac0b7, 'O_Created')->p_11, (init_loop_4, None)->p_8, (skip_10, None)->p_9, (skip_11, None)->p_7, (skip_12, None)->p_15, (skip_13, None)->p_6, (skip_14, None)->p_4, (skip_15, None)->sink, (skip_6, None)->p_9, (skip_9, None)->p_12, (tau_1, None)->p_5, p_11->(5e966d6e-3f21-480a-adf0-9e10b499ac89, 'O_Sent (mail and online)'), p_11->(skip_9, None), p_12->(fde8d5bb-2672-41b5-aeef-d1c831bac0b7, 'O_Created'), p_12->(skip_10, None), p_15->(7ac32104-f06b-425d-a0b4-24b08540476b, 'O_Accepted'), p_15->(skip_13, None), p_4->(218a00fb-21b1-40ea-a00b-d82bf0eb3de3, 'O_Sent (online only)'), p_4->(skip_15, None), p_5->(init_loop_4, None), p_6->(16c445d8-1b34-4f38-8cf1-2eb7c187f081, 'O_Cancelled'), p_6->(skip_14, None), p_7->(e8ecd45b-5471-4414-8306-c73a646783c1, 'O_Refused'), p_7->(skip_12, None), p_8->(958e42e1-5e93-45f3-a6c6-68b1d1b2e2ac, 'O_Create Offer'), p_8->(skip_6, None), p_9->(7c6d3d45-406a-467c-b982-4d4d074e556c, 'O_Returned'), p_9->(skip_11, None), source->(tau_1, None) ]",['source:1'],['sink:1'],-0.0,-0.08,0.36
0,IMbi_aprox,2017_O_lp,2017_O_lm,0,0,0.3,0.8,False,,,,,,,"places: [ p_10, p_5, p_6, p_8, p_9, sink, source ]
transitions: [ (16980ebb-9277-44c5-9ce5-e4e35811c51a, 'O_Sent (online only)'), (23f3aa6e-7ae3-410e-b66a-aa45edf13679, 'O_Create Offer'), (41015e4d-5a9f-448e-ab24-ea04b7ed49e1, 'O_Created'), (5159eceb-ddb8-46da-a22f-2d13bf597064, 'O_Returned'), (acfcca5b-460d-4952-9697-37053f525032, 'O_Sent (mail and online)'), (ce06d951-3f52-4ebb-9131-eca1b9ea6e59, 'O_Refused'), (f620c4c8-0fae-47b6-89b6-bf91cc714dcb, 'O_Cancelled'), (f95e6864-096d-48ba-8bb5-04d3215dc438, 'O_Accepted'), (skip_3, None), (skip_5, None), (skip_6, None) ]
arcs: [ (16980ebb-9277-44c5-9ce5-e4e35811c51a, 'O_Sent (online only)')->p_9, (23f3aa6e-7ae3-410e-b66a-aa45edf13679, 'O_Create Offer')->p_5, (41015e4d-5a9f-448e-ab24-ea04b7ed49e1, 'O_Created')->p_6, (5159eceb-ddb8-46da-a22f-2d13bf597064, 'O_Returned')->p_8, (acfcca5b-460d-4952-9697-37053f525032, 'O_Sent (mail and online)')->p_5, (ce06d951-3f52-4ebb-9131-eca1b9ea6e59, 'O_Refused')->sink, (f620c4c8-0fae-47b6-89b6-bf91cc714dcb, 'O_Cancelled')->sink, (f95e6864-096d-48ba-8bb5-04d3215dc438, 'O_Accepted')->p_10, (skip_3, None)->p_6, (skip_5, None)->p_9, (skip_6, None)->sink, p_10->(f620c4c8-0fae-47b6-89b6-bf91cc714dcb, 'O_Cancelled'), p_10->(skip_6, None), p_5->(41015e4d-5a9f-448e-ab24-ea04b7ed49e1, 'O_Created'), p_5->(skip_3, None), p_6->(5159eceb-ddb8-46da-a22f-2d13bf597064, 'O_Returned'), p_6->(acfcca5b-460d-4952-9697-37053f525032, 'O_Sent (mail and online)'), p_8->(16980ebb-9277-44c5-9ce5-e4e35811c51a, 'O_Sent (online only)'), p_8->(skip_5, None), p_9->(ce06d951-3f52-4ebb-9131-eca1b9ea6e59, 'O_Refused'), p_9->(f95e6864-096d-48ba-8bb5-04d3215dc438, 'O_Accepted'), source->(23f3aa6e-7ae3-410e-b66a-aa45edf13679, 'O_Create Offer') ]",['source:1'],['sink:1'],0.13,0.29,0.49
0,IMbi_freq,2012_O_lp,2012_O_lm,0,0,0.4,0.8,False,,,,,,,"places: [ p_10, p_5, p_6, p_7, p_9, sink, source ]
transitions: [ (1063c509-703f-4de3-82ac-3ae8a90d2068, 'O_CREATED'), (341c05ab-3ef7-4003-a1b1-1604566b6485, 'O_DECLINED'), (4bcd255e-4c31-435e-b762-decf153a1d1a, 'O_SELECTED'), (739f6c47-184e-4e76-95c9-83403e392733, 'O_ACCEPTED'), (9c86cc3b-d8d9-4d4b-a74c-08c23a382456, 'O_SENT'), (d1e07283-3c6e-4e9b-a2e4-ccbeee4f760d, 'O_CANCELLED'), (f677408c-f5a2-476d-bf7b-811c08b18768, 'O_SENT_BACK'), (skip_5, None), (tau_1, None) ]
arcs: [ (1063c509-703f-4de3-82ac-3ae8a90d2068, 'O_CREATED')->p_6, (341c05ab-3ef7-4003-a1b1-1604566b6485, 'O_DECLINED')->sink, (4bcd255e-4c31-435e-b762-decf153a1d1a, 'O_SELECTED')->p_7, (739f6c47-184e-4e76-95c9-83403e392733, 'O_ACCEPTED')->sink, (9c86cc3b-d8d9-4d4b-a74c-08c23a382456, 'O_SENT')->p_9, (d1e07283-3c6e-4e9b-a2e4-ccbeee4f760d, 'O_CANCELLED')->p_5, (f677408c-f5a2-476d-bf7b-811c08b18768, 'O_SENT_BACK')->p_10, (skip_5, None)->sink, (tau_1, None)->p_5, p_10->(341c05ab-3ef7-4003-a1b1-1604566b6485, 'O_DECLINED'), p_10->(739f6c47-184e-4e76-95c9-83403e392733, 'O_ACCEPTED'), p_10->(skip_5, None), p_5->(4bcd255e-4c31-435e-b762-decf153a1d1a, 'O_SELECTED'), p_6->(9c86cc3b-d8d9-4d4b-a74c-08c23a382456, 'O_SENT'), p_6->(d1e07283-3c6e-4e9b-a2e4-ccbeee4f760d, 'O_CANCELLED'), p_7->(1063c509-703f-4de3-82ac-3ae8a90d2068, 'O_CREATED'), p_9->(f677408c-f5a2-476d-bf7b-811c08b18768, 'O_SENT_BACK'), source->(tau_1, None) ]",['source:1'],['sink:1'],0.11,0.37,0.83
0,IMbi_rel,2012_O_lp,2012_O_lm,0,0,0.4,0.8,False,,,,,,,"places: [ p_3, p_4, p_5, p_6, p_7, p_8, sink, source ]
transitions: [ (307e5e36-f9b1-4748-94b2-e20f2e01bce0, 'O_DECLINED'), (4b2dee51-2855-4bec-aa00-6bbde283a452, 'O_ACCEPTED'), (5051bf88-27af-46b0-8f67-418bfc04d166, 'O_SENT_BACK'), (5d132425-b209-4921-bdda-78293b68ee7c, 'O_SENT'), (a403ddac-76b3-475e-913c-85e111c2b4c2, 'O_SELECTED'), (c41f4b59-6d17-4349-9c02-1591876bcc43, 'O_CANCELLED'), (fb7c294b-d096-418f-8178-ea343e1f12cf, 'O_CREATED'), (skip_1, None), (skip_2, None), (skip_3, None) ]
arcs: [ (307e5e36-f9b1-4748-94b2-e20f2e01bce0, 'O_DECLINED')->sink, (4b2dee51-2855-4bec-aa00-6bbde283a452, 'O_ACCEPTED')->p_8, (5051bf88-27af-46b0-8f67-418bfc04d166, 'O_SENT_BACK')->p_7, (5d132425-b209-4921-bdda-78293b68ee7c, 'O_SENT')->p_5, (a403ddac-76b3-475e-913c-85e111c2b4c2, 'O_SELECTED')->p_3, (c41f4b59-6d17-4349-9c02-1591876bcc43, 'O_CANCELLED')->p_6, (fb7c294b-d096-418f-8178-ea343e1f12cf, 'O_CREATED')->p_4, (skip_1, None)->p_6, (skip_2, None)->p_8, (skip_3, None)->sink, p_3->(fb7c294b-d096-418f-8178-ea343e1f12cf, 'O_CREATED'), p_4->(5d132425-b209-4921-bdda-78293b68ee7c, 'O_SENT'), p_5->(c41f4b59-6d17-4349-9c02-1591876bcc43, 'O_CANCELLED'), p_5->(skip_1, None), p_6->(5051bf88-27af-46b0-8f67-418bfc04d166, 'O_SENT_BACK'), p_7->(4b2dee51-2855-4bec-aa00-6bbde283a452, 'O_ACCEPTED'), p_7->(skip_2, None), p_8->(307e5e36-f9b1-4748-94b2-e20f2e01bce0, 'O_DECLINED'), p_8->(skip_3, None), source->(a403ddac-76b3-475e-913c-85e111c2b4c2, 'O_SELECTED') ]",['source:1'],['sink:1'],0.13,0.37,0.98
0,IMbi_aprox,2012_O_lp,2012_O_lm,0,0,0.4,0.8,False,,,,,,,"places: [ p_3, p_4, p_5, p_6, p_7, sink, source ]
transitions: [ (03e5baa4-c6a7-427d-9952-b01eca831c02, 'O_CANCELLED'), (042dd412-36ed-42fb-a1aa-955574fc9464, 'O_CREATED'), (0fcb73d6-b5c1-4089-9973-069d13eb9572, 'O_ACCEPTED'), (392e5f2c-e457-417b-b7bd-920ba95fbbe7, 'O_DECLINED'), (4f248b13-2345-4b35-a932-7bf879d0a526, 'O_SENT'), (8d22fad6-f7db-4406-9077-7fdb52f17efa, 'O_SELECTED'), (b1ed4ffe-3451-436b-87a8-f12be7d29296, 'O_SENT_BACK'), (skip_1, None), (skip_2, None) ]
arcs: [ (03e5baa4-c6a7-427d-9952-b01eca831c02, 'O_CANCELLED')->p_6, (042dd412-36ed-42fb-a1aa-955574fc9464, 'O_CREATED')->p_4, (0fcb73d6-b5c1-4089-9973-069d13eb9572, 'O_ACCEPTED')->sink, (392e5f2c-e457-417b-b7bd-920ba95fbbe7, 'O_DECLINED')->sink, (4f248b13-2345-4b35-a932-7bf879d0a526, 'O_SENT')->p_5, (8d22fad6-f7db-4406-9077-7fdb52f17efa, 'O_SELECTED')->p_3, (b1ed4ffe-3451-436b-87a8-f12be7d29296, 'O_SENT_BACK')->p_7, (skip_1, None)->p_6, (skip_2, None)->sink, p_3->(042dd412-36ed-42fb-a1aa-955574fc9464, 'O_CREATED'), p_4->(4f248b13-2345-4b35-a932-7bf879d0a526, 'O_SENT'), p_5->(03e5baa4-c6a7-427d-9952-b01eca831c02, 'O_CANCELLED'), p_5->(skip_1, None), p_6->(b1ed4ffe-3451-436b-87a8-f12be7d29296, 'O_SENT_BACK'), p_7->(0fcb73d6-b5c1-4089-9973-069d13eb9572, 'O_ACCEPTED'), p_7->(392e5f2c-e457-417b-b7bd-920ba95fbbe7, 'O_DECLINED'), p_7->(skip_2, None), source->(8d22fad6-f7db-4406-9077-7fdb52f17efa, 'O_SELECTED') ]",['source:1'],['sink:1'],0.13,0.37,0.98
0,IMbi_freq,2017_O_lp,2017_O_lm,0,0,0.4,0.8,False,,,,,,,"places: [ p_10, p_11, p_14, p_15, p_5, p_6, p_7, p_8, p_9, sink, source ]
transitions: [ (2a831579-8ead-4bc8-8292-3fefd08d02bf, 'O_Returned'), (6b50ec61-a120-4e33-836f-3686c99a72fa, 'O_Refused'), (6b57a54b-6458-4a3f-b9e9-23f4765a578a, 'O_Sent (mail and online)'), (8acfd22b-ffc4-461b-b22a-3a8dd7fc61c0, 'O_Created'), (a016cdcc-7c47-4f43-b287-d42c727087c7, 'O_Cancelled'), (b3f14b3f-52aa-4183-b41c-54947a5dc218, 'O_Accepted'), (d11a0ff7-02d6-4ea2-b1fb-52e86ef036fd, 'O_Create Offer'), (d9b7eed8-ab53-4d19-b910-cffde3861d81, 'O_Sent (online only)'), (init_loop_6, None), (skip_10, None), (skip_4, None), (skip_5, None), (skip_8, None), (skip_9, None), (tau_1, None) ]
arcs: [ (2a831579-8ead-4bc8-8292-3fefd08d02bf, 'O_Returned')->p_15, (6b50ec61-a120-4e33-836f-3686c99a72fa, 'O_Refused')->p_11, (6b57a54b-6458-4a3f-b9e9-23f4765a578a, 'O_Sent (mail and online)')->p_14, (8acfd22b-ffc4-461b-b22a-3a8dd7fc61c0, 'O_Created')->p_8, (a016cdcc-7c47-4f43-b287-d42c727087c7, 'O_Cancelled')->p_9, (b3f14b3f-52aa-4183-b41c-54947a5dc218, 'O_Accepted')->sink, (d11a0ff7-02d6-4ea2-b1fb-52e86ef036fd, 'O_Create Offer')->p_7, (d9b7eed8-ab53-4d19-b910-cffde3861d81, 'O_Sent (online only)')->p_9, (init_loop_6, None)->p_10, (skip_10, None)->p_5, (skip_4, None)->p_9, (skip_5, None)->p_6, (skip_8, None)->p_10, (skip_9, None)->p_6, (tau_1, None)->p_5, p_10->(6b50ec61-a120-4e33-836f-3686c99a72fa, 'O_Refused'), p_11->(skip_8, None), p_11->(skip_9, None), p_14->(2a831579-8ead-4bc8-8292-3fefd08d02bf, 'O_Returned'), p_15->(b3f14b3f-52aa-4183-b41c-54947a5dc218, 'O_Accepted'), p_5->(d11a0ff7-02d6-4ea2-b1fb-52e86ef036fd, 'O_Create Offer'), p_6->(6b57a54b-6458-4a3f-b9e9-23f4765a578a, 'O_Sent (mail and online)'), p_6->(skip_10, None), p_7->(8acfd22b-ffc4-461b-b22a-3a8dd7fc61c0, 'O_Created'), p_8->(a016cdcc-7c47-4f43-b287-d42c727087c7, 'O_Cancelled'), p_8->(d9b7eed8-ab53-4d19-b910-cffde3861d81, 'O_Sent (online only)'), p_8->(skip_4, None), p_9->(init_loop_6, None), p_9->(skip_5, None), source->(tau_1, None) ]",['source:1'],['sink:1'],0.15,0.34,0.88
0,IMbi_rel,2017_O_lp,2017_O_lm,0,0,0.4,0.8,False,,,,,,,"places: [ p_11, p_12, p_15, p_4, p_5, p_6, p_7, p_8, p_9, sink, source ]
transitions: [ (30349b50-514e-4c77-8300-47b829451a01, 'O_Returned'), (73ea02f1-b345-491a-95ea-d885db7988bc, 'O_Accepted'), (8b9d0357-bacc-4da5-a861-008d6230cfd6, 'O_Cancelled'), (8ea38f6c-a115-4715-9deb-c76735f4b5bc, 'O_Sent (online only)'), (b12294c0-ab3e-4581-8ddc-557d40164583, 'O_Refused'), (b5665eb8-88bf-4542-9a33-fb9bf66f50a1, 'O_Created'), (e03ea782-5160-44df-ae05-87f71f95e4ce, 'O_Sent (mail and online)'), (ee099ab2-15e4-4676-922f-f9c400dd3466, 'O_Create Offer'), (init_loop_4, None), (skip_10, None), (skip_11, None), (skip_12, None), (skip_13, None), (skip_14, None), (skip_6, None), (skip_9, None), (tau_1, None) ]
arcs: [ (30349b50-514e-4c77-8300-47b829451a01, 'O_Returned')->p_8, (73ea02f1-b345-491a-95ea-d885db7988bc, 'O_Accepted')->p_6, (8b9d0357-bacc-4da5-a861-008d6230cfd6, 'O_Cancelled')->p_5, (8ea38f6c-a115-4715-9deb-c76735f4b5bc, 'O_Sent (online only)')->sink, (b12294c0-ab3e-4581-8ddc-557d40164583, 'O_Refused')->p_15, (b5665eb8-88bf-4542-9a33-fb9bf66f50a1, 'O_Created')->p_11, (e03ea782-5160-44df-ae05-87f71f95e4ce, 'O_Sent (mail and online)')->p_12, (ee099ab2-15e4-4676-922f-f9c400dd3466, 'O_Create Offer')->p_11, (init_loop_4, None)->p_8, (skip_10, None)->p_9, (skip_11, None)->p_7, (skip_12, None)->p_15, (skip_13, None)->p_4, (skip_14, None)->sink, (skip_6, None)->p_9, (skip_9, None)->p_12, (tau_1, None)->p_5, p_11->(e03ea782-5160-44df-ae05-87f71f95e4ce, 'O_Sent (mail and online)'), p_11->(skip_9, None), p_12->(b5665eb8-88bf-4542-9a33-fb9bf66f50a1, 'O_Created'), p_12->(skip_10, None), p_15->(73ea02f1-b345-491a-95ea-d885db7988bc, 'O_Accepted'), p_4->(8ea38f6c-a115-4715-9deb-c76735f4b5bc, 'O_Sent (online only)'), p_4->(skip_14, None), p_5->(init_loop_4, None), p_6->(8b9d0357-bacc-4da5-a861-008d6230cfd6, 'O_Cancelled'), p_6->(skip_13, None), p_7->(b12294c0-ab3e-4581-8ddc-557d40164583, 'O_Refused'), p_7->(skip_12, None), p_8->(ee099ab2-15e4-4676-922f-f9c400dd3466, 'O_Create Offer'), p_8->(skip_6, None), p_9->(30349b50-514e-4c77-8300-47b829451a01, 'O_Returned'), p_9->(skip_11, None), source->(tau_1, None) ]",['source:1'],['sink:1'],0.18,0.33,0.35
0,IMbi_aprox,2017_O_lp,2017_O_lm,0,0,0.4,0.8,False,,,,,,,"places: [ p_10, p_5, p_6, p_8, p_9, sink, source ]
transitions: [ (04f80b9e-2704-49d5-8d32-2e221e672a46, 'O_Returned'), (5a2bde16-c239-43b1-8fe1-831b4585c85b, 'O_Refused'), (7c747683-a9c7-4f4b-86c5-d757e49210b0, 'O_Sent (mail and online)'), (8831cd57-fef5-407b-a1ee-610afded1a66, 'O_Accepted'), (9dc015a0-37bc-4bf4-8a16-c873d9da7298, 'O_Create Offer'), (be07e2ae-bf05-4dc1-bb88-12e4306d3ab1, 'O_Cancelled'), (c9f8cf09-9433-4577-8a81-30d96eb5d67f, 'O_Created'), (f5fb2729-1d90-4e22-a096-51b41a18b226, 'O_Sent (online only)'), (skip_3, None), (skip_5, None), (skip_6, None) ]
arcs: [ (04f80b9e-2704-49d5-8d32-2e221e672a46, 'O_Returned')->p_8, (5a2bde16-c239-43b1-8fe1-831b4585c85b, 'O_Refused')->sink, (7c747683-a9c7-4f4b-86c5-d757e49210b0, 'O_Sent (mail and online)')->p_5, (8831cd57-fef5-407b-a1ee-610afded1a66, 'O_Accepted')->p_10, (9dc015a0-37bc-4bf4-8a16-c873d9da7298, 'O_Create Offer')->p_5, (be07e2ae-bf05-4dc1-bb88-12e4306d3ab1, 'O_Cancelled')->sink, (c9f8cf09-9433-4577-8a81-30d96eb5d67f, 'O_Created')->p_6, (f5fb2729-1d90-4e22-a096-51b41a18b226, 'O_Sent (online only)')->p_9, (skip_3, None)->p_6, (skip_5, None)->p_9, (skip_6, None)->sink, p_10->(be07e2ae-bf05-4dc1-bb88-12e4306d3ab1, 'O_Cancelled'), p_10->(skip_6, None), p_5->(c9f8cf09-9433-4577-8a81-30d96eb5d67f, 'O_Created'), p_5->(skip_3, None), p_6->(04f80b9e-2704-49d5-8d32-2e221e672a46, 'O_Returned'), p_6->(7c747683-a9c7-4f4b-86c5-d757e49210b0, 'O_Sent (mail and online)'), p_8->(f5fb2729-1d90-4e22-a096-51b41a18b226, 'O_Sent (online only)'), p_8->(skip_5, None), p_9->(5a2bde16-c239-43b1-8fe1-831b4585c85b, 'O_Refused'), p_9->(8831cd57-fef5-407b-a1ee-610afded1a66, 'O_Accepted'), source->(9dc015a0-37bc-4bf4-8a16-c873d9da7298, 'O_Create Offer') ]",['source:1'],['sink:1'],0.13,0.29,0.49
0,IMbi_freq,2012_O_lp,2012_O_lm,0,0,0.2,0.5,False,,,,,,,"places: [ p_3, p_4, p_5, p_6, p_7, sink, source ]
transitions: [ (1df65f86-a1a5-4ceb-b606-e51486a0d789, 'O_ACCEPTED'), (2136c146-a13b-41f2-9750-297b8fba0ffb, 'O_DECLINED'), (4745c736-3b40-4660-831c-a13be375987a, 'O_CANCELLED'), (969b7475-201f-46da-8e79-5c1e7fdf679e, 'O_CREATED'), (990ee21a-0b92-4e6a-83c4-61fa33dc9488, 'O_SELECTED'), (f5e9384d-f22b-4e82-a1d1-a9fd54d87b84, 'O_SENT_BACK'), (fec2692c-171c-4130-95c8-332583f8c9a9, 'O_SENT'), (skip_1, None), (skip_2, None), (skip_3, None) ]
arcs: [ (1df65f86-a1a5-4ceb-b606-e51486a0d789, 'O_ACCEPTED')->sink, (2136c146-a13b-41f2-9750-297b8fba0ffb, 'O_DECLINED')->sink, (4745c736-3b40-4660-831c-a13be375987a, 'O_CANCELLED')->p_7, (969b7475-201f-46da-8e79-5c1e7fdf679e, 'O_CREATED')->p_4, (990ee21a-0b92-4e6a-83c4-61fa33dc9488, 'O_SELECTED')->p_3, (f5e9384d-f22b-4e82-a1d1-a9fd54d87b84, 'O_SENT_BACK')->p_6, (fec2692c-171c-4130-95c8-332583f8c9a9, 'O_SENT')->p_5, (skip_1, None)->p_6, (skip_2, None)->p_7, (skip_3, None)->sink, p_3->(969b7475-201f-46da-8e79-5c1e7fdf679e, 'O_CREATED'), p_4->(fec2692c-171c-4130-95c8-332583f8c9a9, 'O_SENT'), p_5->(f5e9384d-f22b-4e82-a1d1-a9fd54d87b84, 'O_SENT_BACK'), p_5->(skip_1, None), p_6->(2136c146-a13b-41f2-9750-297b8fba0ffb, 'O_DECLINED'), p_6->(4745c736-3b40-4660-831c-a13be375987a, 'O_CANCELLED'), p_6->(skip_2, None), p_7->(1df65f86-a1a5-4ceb-b606-e51486a0d789, 'O_ACCEPTED'), p_7->(skip_3, None), source->(990ee21a-0b92-4e6a-83c4-61fa33dc9488, 'O_SELECTED') ]",['source:1'],['sink:1'],0.12,0.27,0.87
0,IMbi_rel,2012_O_lp,2012_O_lm,0,0,0.2,0.5,False,,,,,,,"places: [ p_10, p_4, p_5, p_6, p_7, p_9, sink, source ]
transitions: [ (0529b929-33dc-408f-9c46-f13fcbc6b8ba, 'O_CREATED'), (5842e0f6-e092-4a16-a60e-026ad7ffbc91, 'O_CANCELLED'), (93f930db-9b5a-4806-8264-936834a77173, 'O_ACCEPTED'), (b74cf6ee-86bb-4d3e-b44a-19b3c87a46e7, 'O_SENT_BACK'), (c19f5d4c-d732-4ac3-9e14-b36a419a2348, 'O_SELECTED'), (d34ce802-2466-4227-a091-c51841ebe75b, 'O_DECLINED'), (ff473fad-52c3-493e-ae80-9b0c9d798304, 'O_SENT'), (skip_3, None), (skip_4, None), (skip_5, None), (skip_6, None) ]
arcs: [ (0529b929-33dc-408f-9c46-f13fcbc6b8ba, 'O_CREATED')->p_7, (5842e0f6-e092-4a16-a60e-026ad7ffbc91, 'O_CANCELLED')->p_5, (93f930db-9b5a-4806-8264-936834a77173, 'O_ACCEPTED')->p_10, (b74cf6ee-86bb-4d3e-b44a-19b3c87a46e7, 'O_SENT_BACK')->p_9, (c19f5d4c-d732-4ac3-9e14-b36a419a2348, 'O_SELECTED')->p_5, (d34ce802-2466-4227-a091-c51841ebe75b, 'O_DECLINED')->sink, (ff473fad-52c3-493e-ae80-9b0c9d798304, 'O_SENT')->p_6, (skip_3, None)->p_4, (skip_4, None)->p_9, (skip_5, None)->p_10, (skip_6, None)->sink, p_10->(d34ce802-2466-4227-a091-c51841ebe75b, 'O_DECLINED'), p_10->(skip_6, None), p_4->(b74cf6ee-86bb-4d3e-b44a-19b3c87a46e7, 'O_SENT_BACK'), p_4->(skip_4, None), p_5->(0529b929-33dc-408f-9c46-f13fcbc6b8ba, 'O_CREATED'), p_6->(5842e0f6-e092-4a16-a60e-026ad7ffbc91, 'O_CANCELLED'), p_6->(skip_3, None), p_7->(ff473fad-52c3-493e-ae80-9b0c9d798304, 'O_SENT'), p_9->(93f930db-9b5a-4806-8264-936834a77173, 'O_ACCEPTED'), p_9->(skip_5, None), source->(c19f5d4c-d732-4ac3-9e14-b36a419a2348, 'O_SELECTED') ]",['source:1'],['sink:1'],0.07,0.41,0.87
0,IMbi_aprox,2012_O_lp,2012_O_lm,0,0,0.2,0.5,False,,,,,,,"places: [ p_3, p_4, p_5, p_6, p_7, sink, source ]
transitions: [ (65fe7f99-f917-41d7-86d9-6836713c5c14, 'O_SELECTED'), (6ded6260-fd1b-4557-bddb-dab150825e70, 'O_SENT_BACK'), (b77957e6-a7ea-4942-be13-cf6915d2eb8a, 'O_CREATED'), (d1b7ad0e-4f6e-4db8-902c-730714c3a039, 'O_ACCEPTED'), (e3ba07bf-5fc5-41f1-b015-617a5846a182, 'O_SENT'), (eafdac94-d9c7-422a-87e9-16daf47ea5db, 'O_DECLINED'), (f92c5938-4e95-4ee8-87c9-604e021a5e2f, 'O_CANCELLED'), (skip_1, None), (skip_2, None), (skip_3, None) ]
arcs: [ (65fe7f99-f917-41d7-86d9-6836713c5c14, 'O_SELECTED')->p_3, (6ded6260-fd1b-4557-bddb-dab150825e70, 'O_SENT_BACK')->p_7, (b77957e6-a7ea-4942-be13-cf6915d2eb8a, 'O_CREATED')->p_4, (d1b7ad0e-4f6e-4db8-902c-730714c3a039, 'O_ACCEPTED')->sink, (e3ba07bf-5fc5-41f1-b015-617a5846a182, 'O_SENT')->p_5, (eafdac94-d9c7-422a-87e9-16daf47ea5db, 'O_DECLINED')->sink, (f92c5938-4e95-4ee8-87c9-604e021a5e2f, 'O_CANCELLED')->p_6, (skip_1, None)->p_6, (skip_2, None)->p_7, (skip_3, None)->sink, p_3->(b77957e6-a7ea-4942-be13-cf6915d2eb8a, 'O_CREATED'), p_4->(e3ba07bf-5fc5-41f1-b015-617a5846a182, 'O_SENT'), p_5->(f92c5938-4e95-4ee8-87c9-604e021a5e2f, 'O_CANCELLED'), p_5->(skip_1, None), p_6->(6ded6260-fd1b-4557-bddb-dab150825e70, 'O_SENT_BACK'), p_6->(skip_2, None), p_7->(d1b7ad0e-4f6e-4db8-902c-730714c3a039, 'O_ACCEPTED'), p_7->(eafdac94-d9c7-422a-87e9-16daf47ea5db, 'O_DECLINED'), p_7->(skip_3, None), source->(65fe7f99-f917-41d7-86d9-6836713c5c14, 'O_SELECTED') ]",['source:1'],['sink:1'],0.12,0.29,0.84
0,IMbi_freq,2017_O_lp,2017_O_lm,0,0,0.2,0.5,False,,,,,,,"places: [ p_11, p_12, p_5, p_6, p_7, p_8, p_9, sink, source ]
transitions: [ (1a54ed01-be38-4a4a-91b5-20fc22923012, 'O_Accepted'), (588c51e4-4666-43ac-ae41-e6c94edc782d, 'O_Created'), (78026da6-6018-4284-9da4-5b48614e9070, 'O_Sent (mail and online)'), (9b8a63b0-8d44-4f1a-ae07-80b3964a737a, 'O_Create Offer'), (b0149d88-40d5-45a4-ad67-df530a31cb1d, 'O_Refused'), (d492c154-a943-4f05-904c-1ea354a0b937, 'O_Cancelled'), (e6a5e859-4c08-47ee-895b-66373ff6b7a7, 'O_Sent (online only)'), (f96e8be8-b9de-45bb-9145-b0d93b2f5a7a, 'O_Returned'), (skip_4, None), (skip_5, None), (skip_6, None), (skip_8, None), (skip_9, None), (tau_1, None) ]
arcs: [ (1a54ed01-be38-4a4a-91b5-20fc22923012, 'O_Accepted')->p_11, (588c51e4-4666-43ac-ae41-e6c94edc782d, 'O_Created')->p_8, (78026da6-6018-4284-9da4-5b48614e9070, 'O_Sent (mail and online)')->p_9, (9b8a63b0-8d44-4f1a-ae07-80b3964a737a, 'O_Create Offer')->p_7, (b0149d88-40d5-45a4-ad67-df530a31cb1d, 'O_Refused')->sink, (d492c154-a943-4f05-904c-1ea354a0b937, 'O_Cancelled')->p_12, (e6a5e859-4c08-47ee-895b-66373ff6b7a7, 'O_Sent (online only)')->p_9, (f96e8be8-b9de-45bb-9145-b0d93b2f5a7a, 'O_Returned')->p_6, (skip_4, None)->p_9, (skip_5, None)->p_6, (skip_6, None)->p_5, (skip_8, None)->p_12, (skip_9, None)->sink, (tau_1, None)->p_5, p_11->(d492c154-a943-4f05-904c-1ea354a0b937, 'O_Cancelled'), p_11->(skip_8, None), p_12->(b0149d88-40d5-45a4-ad67-df530a31cb1d, 'O_Refused'), p_12->(skip_9, None), p_5->(9b8a63b0-8d44-4f1a-ae07-80b3964a737a, 'O_Create Offer'), p_6->(1a54ed01-be38-4a4a-91b5-20fc22923012, 'O_Accepted'), p_6->(skip_6, None), p_7->(588c51e4-4666-43ac-ae41-e6c94edc782d, 'O_Created'), p_8->(78026da6-6018-4284-9da4-5b48614e9070, 'O_Sent (mail and online)'), p_8->(e6a5e859-4c08-47ee-895b-66373ff6b7a7, 'O_Sent (online only)'), p_8->(skip_4, None), p_9->(f96e8be8-b9de-45bb-9145-b0d93b2f5a7a, 'O_Returned'), p_9->(skip_5, None), source->(tau_1, None) ]",['source:1'],['sink:1'],0.08,0.45,0.74
0,IMbi_rel,2017_O_lp,2017_O_lm,0,0,0.2,0.5,False,,,,,,,"places: [ p_10, p_12, p_13, p_4, p_5, p_6, p_7, p_8, p_9, sink, source ]
transitions: [ (0a08bf94-1835-441e-acff-eeefae9c047f, 'O_Created'), (40879c1d-e724-44d4-ba12-46e07320045c, 'O_Sent (mail and online)'), (625243dc-c8bf-4b40-9cc7-5a439109d999, 'O_Create Offer'), (62d06da4-f495-449b-b452-84b400558b4a, 'O_Accepted'), (c3905289-4b76-4f68-b5b0-3aa1f17342f1, 'O_Returned'), (cc5d3b31-ca27-4af7-9a3f-79d060aefe20, 'O_Sent (online only)'), (edf1e656-fb94-478f-8c0c-df3430948e5a, 'O_Cancelled'), (f800e30c-3dcf-42a4-b971-95ed57f3b2cb, 'O_Refused'), (init_loop_5, None), (skip_10, None), (skip_11, None), (skip_12, None), (skip_13, None), (skip_4, None), (skip_7, None), (skip_8, None), (skip_9, None), (tau_1, None) ]
arcs: [ (0a08bf94-1835-441e-acff-eeefae9c047f, 'O_Created')->p_9, (40879c1d-e724-44d4-ba12-46e07320045c, 'O_Sent (mail and online)')->p_10, (625243dc-c8bf-4b40-9cc7-5a439109d999, 'O_Create Offer')->p_7, (62d06da4-f495-449b-b452-84b400558b4a, 'O_Accepted')->p_6, (c3905289-4b76-4f68-b5b0-3aa1f17342f1, 'O_Returned')->p_12, (cc5d3b31-ca27-4af7-9a3f-79d060aefe20, 'O_Sent (online only)')->p_13, (edf1e656-fb94-478f-8c0c-df3430948e5a, 'O_Cancelled')->p_5, (f800e30c-3dcf-42a4-b971-95ed57f3b2cb, 'O_Refused')->sink, (init_loop_5, None)->p_9, (skip_10, None)->p_13, (skip_11, None)->p_6, (skip_12, None)->p_4, (skip_13, None)->sink, (skip_4, None)->p_7, (skip_7, None)->p_10, (skip_8, None)->p_8, (skip_9, None)->p_12, (tau_1, None)->p_5, p_10->(0a08bf94-1835-441e-acff-eeefae9c047f, 'O_Created'), p_10->(skip_8, None), p_12->(cc5d3b31-ca27-4af7-9a3f-79d060aefe20, 'O_Sent (online only)'), p_12->(skip_10, None), p_13->(62d06da4-f495-449b-b452-84b400558b4a, 'O_Accepted'), p_13->(skip_11, None), p_4->(f800e30c-3dcf-42a4-b971-95ed57f3b2cb, 'O_Refused'), p_4->(skip_13, None), p_5->(625243dc-c8bf-4b40-9cc7-5a439109d999, 'O_Create Offer'), p_5->(skip_4, None), p_6->(edf1e656-fb94-478f-8c0c-df3430948e5a, 'O_Cancelled'), p_6->(skip_12, None), p_7->(init_loop_5, None), p_8->(c3905289-4b76-4f68-b5b0-3aa1f17342f1, 'O_Returned'), p_8->(skip_9, None), p_9->(40879c1d-e724-44d4-ba12-46e07320045c, 'O_Sent (mail and online)'), p_9->(skip_7, None), source->(tau_1, None) ]",['source:1'],['sink:1'],-0.01,-0.11,0.33
0,IMbi_aprox,2017_O_lp,2017_O_lm,0,0,0.2,0.5,False,,,,,,,"places: [ p_3, p_4, p_5, p_6, p_7, p_8, sink, source ]
transitions: [ (199500f7-1bd0-4a51-ac01-d061a4877da7, 'O_Create Offer'), (6594bce4-889b-4115-b0b1-390a6fcd98f4, 'O_Created'), (9207ea63-646c-4fb9-b1e3-bbc1e145df70, 'O_Sent (online only)'), (cc7cafc1-0bc9-4556-b2bf-ae44e07559d4, 'O_Sent (mail and online)'), (daefddff-88e3-4a2d-b1f5-01767de9afd0, 'O_Returned'), (ead8714a-2ecb-4872-aa44-93ae11e2335e, 'O_Accepted'), (ef5f4d83-34cc-4b46-8abe-4d28905c1399, 'O_Cancelled'), (fc025e80-f2e8-47ce-bd1e-074dede98758, 'O_Refused'), (skip_1, None), (skip_2, None) ]
arcs: [ (199500f7-1bd0-4a51-ac01-d061a4877da7, 'O_Create Offer')->p_3, (6594bce4-889b-4115-b0b1-390a6fcd98f4, 'O_Created')->p_4, (9207ea63-646c-4fb9-b1e3-bbc1e145df70, 'O_Sent (online only)')->p_7, (cc7cafc1-0bc9-4556-b2bf-ae44e07559d4, 'O_Sent (mail and online)')->p_5, (daefddff-88e3-4a2d-b1f5-01767de9afd0, 'O_Returned')->p_6, (ead8714a-2ecb-4872-aa44-93ae11e2335e, 'O_Accepted')->p_8, (ef5f4d83-34cc-4b46-8abe-4d28905c1399, 'O_Cancelled')->sink, (fc025e80-f2e8-47ce-bd1e-074dede98758, 'O_Refused')->sink, (skip_1, None)->p_7, (skip_2, None)->sink, p_3->(6594bce4-889b-4115-b0b1-390a6fcd98f4, 'O_Created'), p_4->(cc7cafc1-0bc9-4556-b2bf-ae44e07559d4, 'O_Sent (mail and online)'), p_5->(daefddff-88e3-4a2d-b1f5-01767de9afd0, 'O_Returned'), p_6->(9207ea63-646c-4fb9-b1e3-bbc1e145df70, 'O_Sent (online only)'), p_6->(skip_1, None), p_7->(ead8714a-2ecb-4872-aa44-93ae11e2335e, 'O_Accepted'), p_7->(fc025e80-f2e8-47ce-bd1e-074dede98758, 'O_Refused'), p_8->(ef5f4d83-34cc-4b46-8abe-4d28905c1399, 'O_Cancelled'), p_8->(skip_2, None), source->(199500f7-1bd0-4a51-ac01-d061a4877da7, 'O_Create Offer') ]",['source:1'],['sink:1'],0.09,0.29,0.88
0,IMbi_freq,2012_O_lp,2012_O_lm,0,0,0.3,0.5,False,,,,,,,"places: [ p_3, p_4, p_5, p_6, sink, source ]
transitions: [ (072794be-d62e-4fa1-ae5c-25b085d8b5e0, 'O_ACCEPTED'), (0de590a8-673c-4670-a2aa-31e005788cb9, 'O_DECLINED'), (3be417bf-21e0-44e7-a7a5-01a2e26c4440, 'O_CREATED'), (6dadadf2-75a3-4f37-9782-90eee1e532d9, 'O_SENT'), (ccce0d87-3e78-4792-8b57-5c0d1fc011c7, 'O_SENT_BACK'), (e2dbffd8-0f83-473c-b343-666dd22940fc, 'O_CANCELLED'), (ea7d8109-4191-45ea-99c0-3f228f8982bb, 'O_SELECTED'), (skip_1, None) ]
arcs: [ (072794be-d62e-4fa1-ae5c-25b085d8b5e0, 'O_ACCEPTED')->sink, (0de590a8-673c-4670-a2aa-31e005788cb9, 'O_DECLINED')->sink, (3be417bf-21e0-44e7-a7a5-01a2e26c4440, 'O_CREATED')->p_4, (6dadadf2-75a3-4f37-9782-90eee1e532d9, 'O_SENT')->p_5, (ccce0d87-3e78-4792-8b57-5c0d1fc011c7, 'O_SENT_BACK')->p_6, (e2dbffd8-0f83-473c-b343-666dd22940fc, 'O_CANCELLED')->sink, (ea7d8109-4191-45ea-99c0-3f228f8982bb, 'O_SELECTED')->p_3, (skip_1, None)->p_6, p_3->(3be417bf-21e0-44e7-a7a5-01a2e26c4440, 'O_CREATED'), p_4->(6dadadf2-75a3-4f37-9782-90eee1e532d9, 'O_SENT'), p_5->(ccce0d87-3e78-4792-8b57-5c0d1fc011c7, 'O_SENT_BACK'), p_5->(skip_1, None), p_6->(072794be-d62e-4fa1-ae5c-25b085d8b5e0, 'O_ACCEPTED'), p_6->(0de590a8-673c-4670-a2aa-31e005788cb9, 'O_DECLINED'), p_6->(e2dbffd8-0f83-473c-b343-666dd22940fc, 'O_CANCELLED'), source->(ea7d8109-4191-45ea-99c0-3f228f8982bb, 'O_SELECTED') ]",['source:1'],['sink:1'],0.11,0.24,0.89
0,IMbi_rel,2012_O_lp,2012_O_lm,0,0,0.3,0.5,False,,,,,,,"places: [ p_10, p_4, p_5, p_6, p_7, p_9, sink, source ]
transitions: [ (47032231-92af-4a05-a321-9d02f46dbd87, 'O_ACCEPTED'), (70bafe86-e766-4f1f-94f3-e135e99de396, 'O_DECLINED'), (7b66b22b-a56d-499e-ae1d-f0508addd7e1, 'O_CREATED'), (9294f9b4-e5eb-4a43-9a2d-e78675d8b99b, 'O_CANCELLED'), (941d347e-b510-4f4a-a214-1b6f31946f1e, 'O_SENT_BACK'), (c16cf517-d8b2-4796-bb7d-1d38ef809cc5, 'O_SENT'), (d847f0ce-484d-46ac-a21f-5a51cc85298f, 'O_SELECTED'), (skip_3, None), (skip_4, None), (skip_5, None), (skip_6, None) ]
arcs: [ (47032231-92af-4a05-a321-9d02f46dbd87, 'O_ACCEPTED')->p_10, (70bafe86-e766-4f1f-94f3-e135e99de396, 'O_DECLINED')->sink, (7b66b22b-a56d-499e-ae1d-f0508addd7e1, 'O_CREATED')->p_7, (9294f9b4-e5eb-4a43-9a2d-e78675d8b99b, 'O_CANCELLED')->p_5, (941d347e-b510-4f4a-a214-1b6f31946f1e, 'O_SENT_BACK')->p_9, (c16cf517-d8b2-4796-bb7d-1d38ef809cc5, 'O_SENT')->p_6, (d847f0ce-484d-46ac-a21f-5a51cc85298f, 'O_SELECTED')->p_5, (skip_3, None)->p_4, (skip_4, None)->p_9, (skip_5, None)->p_10, (skip_6, None)->sink, p_10->(70bafe86-e766-4f1f-94f3-e135e99de396, 'O_DECLINED'), p_10->(skip_6, None), p_4->(941d347e-b510-4f4a-a214-1b6f31946f1e, 'O_SENT_BACK'), p_4->(skip_4, None), p_5->(7b66b22b-a56d-499e-ae1d-f0508addd7e1, 'O_CREATED'), p_6->(9294f9b4-e5eb-4a43-9a2d-e78675d8b99b, 'O_CANCELLED'), p_6->(skip_3, None), p_7->(c16cf517-d8b2-4796-bb7d-1d38ef809cc5, 'O_SENT'), p_9->(47032231-92af-4a05-a321-9d02f46dbd87, 'O_ACCEPTED'), p_9->(skip_5, None), source->(d847f0ce-484d-46ac-a21f-5a51cc85298f, 'O_SELECTED') ]",['source:1'],['sink:1'],0.07,0.41,0.87
0,IMbi_aprox,2012_O_lp,2012_O_lm,0,0,0.3,0.5,False,,,,,,,"places: [ p_3, p_4, p_5, p_6, p_7, sink, source ]
transitions: [ (07f6fd11-3180-4586-a0d6-dc3d26803bee, 'O_CREATED'), (2ab0ce70-8e89-4274-980b-4259698b766f, 'O_DECLINED'), (34c6d218-2011-4184-b52b-837e4bae363e, 'O_SENT_BACK'), (6b6b3d51-e1a2-4231-ae54-cdeb5ca75417, 'O_CANCELLED'), (8d932e6f-6743-460a-b2f8-b6dfceea6a2f, 'O_SENT'), (c7b38431-2029-41eb-9c0c-db19264b4507, 'O_ACCEPTED'), (edbe4ce2-ce66-4f56-ad4e-02fff5b84445, 'O_SELECTED'), (skip_1, None), (skip_2, None), (skip_3, None) ]
arcs: [ (07f6fd11-3180-4586-a0d6-dc3d26803bee, 'O_CREATED')->p_4, (2ab0ce70-8e89-4274-980b-4259698b766f, 'O_DECLINED')->sink, (34c6d218-2011-4184-b52b-837e4bae363e, 'O_SENT_BACK')->p_7, (6b6b3d51-e1a2-4231-ae54-cdeb5ca75417, 'O_CANCELLED')->p_6, (8d932e6f-6743-460a-b2f8-b6dfceea6a2f, 'O_SENT')->p_5, (c7b38431-2029-41eb-9c0c-db19264b4507, 'O_ACCEPTED')->sink, (edbe4ce2-ce66-4f56-ad4e-02fff5b84445, 'O_SELECTED')->p_3, (skip_1, None)->p_6, (skip_2, None)->p_7, (skip_3, None)->sink, p_3->(07f6fd11-3180-4586-a0d6-dc3d26803bee, 'O_CREATED'), p_4->(8d932e6f-6743-460a-b2f8-b6dfceea6a2f, 'O_SENT'), p_5->(6b6b3d51-e1a2-4231-ae54-cdeb5ca75417, 'O_CANCELLED'), p_5->(skip_1, None), p_6->(34c6d218-2011-4184-b52b-837e4bae363e, 'O_SENT_BACK'), p_6->(skip_2, None), p_7->(2ab0ce70-8e89-4274-980b-4259698b766f, 'O_DECLINED'), p_7->(c7b38431-2029-41eb-9c0c-db19264b4507, 'O_ACCEPTED'), p_7->(skip_3, None), source->(edbe4ce2-ce66-4f56-ad4e-02fff5b84445, 'O_SELECTED') ]",['source:1'],['sink:1'],0.12,0.29,0.84
0,IMbi_freq,2017_O_lp,2017_O_lm,0,0,0.3,0.5,False,,,,,,,"places: [ p_11, p_12, p_13, p_4, p_5, p_6, p_7, p_8, p_9, sink, source ]
transitions: [ (18979c7e-ef10-4e7a-b2ef-c17161e9befd, 'O_Accepted'), (2677f9a0-0173-4661-a52b-9dc62058cb1e, 'O_Created'), (55f3f80e-0638-4c2f-a87c-d6bb9911bcf3, 'O_Cancelled'), (707bcccf-52e1-496d-9bb6-6731e57e646b, 'O_Sent (mail and online)'), (8fe05b49-3f49-4c7b-bf11-27f94af683cf, 'O_Sent (online only)'), (b9978f67-f7ab-4679-9c59-0adeeb60ef14, 'O_Returned'), (ee22ce56-e8c9-4afe-9ce0-950fb44c744d, 'O_Create Offer'), (f83b03b1-cb79-466d-875b-08b8680faf7e, 'O_Refused'), (skip_4, None), (skip_5, None), (skip_6, None), (skip_7, None), (skip_8, None), (skip_9, None), (tau_1, None) ]
arcs: [ (18979c7e-ef10-4e7a-b2ef-c17161e9befd, 'O_Accepted')->p_12, (2677f9a0-0173-4661-a52b-9dc62058cb1e, 'O_Created')->p_8, (55f3f80e-0638-4c2f-a87c-d6bb9911bcf3, 'O_Cancelled')->p_13, (707bcccf-52e1-496d-9bb6-6731e57e646b, 'O_Sent (mail and online)')->p_9, (8fe05b49-3f49-4c7b-bf11-27f94af683cf, 'O_Sent (online only)')->p_11, (b9978f67-f7ab-4679-9c59-0adeeb60ef14, 'O_Returned')->p_6, (ee22ce56-e8c9-4afe-9ce0-950fb44c744d, 'O_Create Offer')->p_7, (f83b03b1-cb79-466d-875b-08b8680faf7e, 'O_Refused')->sink, (skip_4, None)->p_6, (skip_5, None)->p_5, (skip_6, None)->p_4, (skip_7, None)->p_11, (skip_8, None)->p_13, (skip_9, None)->sink, (tau_1, None)->p_5, p_11->(18979c7e-ef10-4e7a-b2ef-c17161e9befd, 'O_Accepted'), p_12->(55f3f80e-0638-4c2f-a87c-d6bb9911bcf3, 'O_Cancelled'), p_12->(skip_8, None), p_13->(f83b03b1-cb79-466d-875b-08b8680faf7e, 'O_Refused'), p_13->(skip_9, None), p_4->(8fe05b49-3f49-4c7b-bf11-27f94af683cf, 'O_Sent (online only)'), p_4->(skip_7, None), p_5->(ee22ce56-e8c9-4afe-9ce0-950fb44c744d, 'O_Create Offer'), p_6->(skip_5, None), p_6->(skip_6, None), p_7->(2677f9a0-0173-4661-a52b-9dc62058cb1e, 'O_Created'), p_8->(707bcccf-52e1-496d-9bb6-6731e57e646b, 'O_Sent (mail and online)'), p_9->(b9978f67-f7ab-4679-9c59-0adeeb60ef14, 'O_Returned'), p_9->(skip_4, None), source->(tau_1, None) ]",['source:1'],['sink:1'],0.06,0.4,0.71
0,IMbi_rel,2017_O_lp,2017_O_lm,0,0,0.3,0.5,False,,,,,,,"places: [ p_10, p_12, p_13, p_4, p_5, p_6, p_8, p_9, sink, source ]
transitions: [ (29fb2e40-198e-4993-8f0e-4428f97281ea, 'O_Sent (mail and online)'), (54eb4853-0ffa-428e-be44-e453eb486ad4, 'O_Returned'), (78535982-a62e-4596-96c5-60ca8023d3ea, 'O_Accepted'), (9ffdb02d-91a1-4b69-a2d1-ddd0380a3201, 'O_Refused'), (bd9334dc-cebb-44fc-97ea-b450f6f98ec3, 'O_Create Offer'), (e8ba2f6b-8106-4e33-ac1a-f43ff3e360ab, 'O_Cancelled'), (e9eb92cb-935c-47dd-b3fb-df062819c168, 'O_Created'), (eb7b612f-248d-4788-88c0-cacb344b0a71, 'O_Sent (online only)'), (skip_10, None), (skip_11, None), (skip_12, None), (skip_6, None), (skip_7, None), (skip_8, None), (skip_9, None), (tau_1, None) ]
arcs: [ (29fb2e40-198e-4993-8f0e-4428f97281ea, 'O_Sent (mail and online)')->p_10, (54eb4853-0ffa-428e-be44-e453eb486ad4, 'O_Returned')->p_12, (78535982-a62e-4596-96c5-60ca8023d3ea, 'O_Accepted')->p_6, (9ffdb02d-91a1-4b69-a2d1-ddd0380a3201, 'O_Refused')->sink, (bd9334dc-cebb-44fc-97ea-b450f6f98ec3, 'O_Create Offer')->p_9, (e8ba2f6b-8106-4e33-ac1a-f43ff3e360ab, 'O_Cancelled')->p_5, (e9eb92cb-935c-47dd-b3fb-df062819c168, 'O_Created')->p_9, (eb7b612f-248d-4788-88c0-cacb344b0a71, 'O_Sent (online only)')->p_13, (skip_10, None)->p_6, (skip_11, None)->p_4, (skip_12, None)->sink, (skip_6, None)->p_10, (skip_7, None)->p_8, (skip_8, None)->p_12, (skip_9, None)->p_13, (tau_1, None)->p_5, p_10->(e9eb92cb-935c-47dd-b3fb-df062819c168, 'O_Created'), p_10->(skip_7, None), p_12->(eb7b612f-248d-4788-88c0-cacb344b0a71, 'O_Sent (online only)'), p_12->(skip_9, None), p_13->(78535982-a62e-4596-96c5-60ca8023d3ea, 'O_Accepted'), p_13->(skip_10, None), p_4->(9ffdb02d-91a1-4b69-a2d1-ddd0380a3201, 'O_Refused'), p_4->(skip_12, None), p_5->(bd9334dc-cebb-44fc-97ea-b450f6f98ec3, 'O_Create Offer'), p_6->(e8ba2f6b-8106-4e33-ac1a-f43ff3e360ab, 'O_Cancelled'), p_6->(skip_11, None), p_8->(54eb4853-0ffa-428e-be44-e453eb486ad4, 'O_Returned'), p_8->(skip_8, None), p_9->(29fb2e40-198e-4993-8f0e-4428f97281ea, 'O_Sent (mail and online)'), p_9->(skip_6, None), source->(tau_1, None) ]",['source:1'],['sink:1'],0.07,0.29,0.42
0,IMbi_aprox,2017_O_lp,2017_O_lm,0,0,0.3,0.5,False,,,,,,,"places: [ p_3, p_4, p_5, p_6, p_7, p_8, sink, source ]
transitions: [ (1098598e-6fef-4357-89f2-8649a2e8a14e, 'O_Created'), (577a4a5d-a15f-4534-93a8-5a66932161e0, 'O_Sent (mail and online)'), (6e823096-2502-4fd1-8dd2-d360db453a83, 'O_Create Offer'), (7401d92b-0e35-436a-b57b-df885df7b332, 'O_Returned'), (87fa8eb1-9f69-4072-97cf-b3ac3acedbe7, 'O_Cancelled'), (8b027e5a-9151-4ad4-927d-43fa1e063519, 'O_Accepted'), (cd03ec3d-7ada-4bca-8088-4f5a5e097f33, 'O_Refused'), (fcfd1842-8e1b-4a32-b58b-aa3b30d0e7cf, 'O_Sent (online only)'), (skip_1, None), (skip_2, None) ]
arcs: [ (1098598e-6fef-4357-89f2-8649a2e8a14e, 'O_Created')->p_4, (577a4a5d-a15f-4534-93a8-5a66932161e0, 'O_Sent (mail and online)')->p_5, (6e823096-2502-4fd1-8dd2-d360db453a83, 'O_Create Offer')->p_3, (7401d92b-0e35-436a-b57b-df885df7b332, 'O_Returned')->p_6, (87fa8eb1-9f69-4072-97cf-b3ac3acedbe7, 'O_Cancelled')->sink, (8b027e5a-9151-4ad4-927d-43fa1e063519, 'O_Accepted')->p_8, (cd03ec3d-7ada-4bca-8088-4f5a5e097f33, 'O_Refused')->sink, (fcfd1842-8e1b-4a32-b58b-aa3b30d0e7cf, 'O_Sent (online only)')->p_7, (skip_1, None)->p_7, (skip_2, None)->sink, p_3->(1098598e-6fef-4357-89f2-8649a2e8a14e, 'O_Created'), p_4->(577a4a5d-a15f-4534-93a8-5a66932161e0, 'O_Sent (mail and online)'), p_5->(7401d92b-0e35-436a-b57b-df885df7b332, 'O_Returned'), p_6->(fcfd1842-8e1b-4a32-b58b-aa3b30d0e7cf, 'O_Sent (online only)'), p_6->(skip_1, None), p_7->(8b027e5a-9151-4ad4-927d-43fa1e063519, 'O_Accepted'), p_7->(cd03ec3d-7ada-4bca-8088-4f5a5e097f33, 'O_Refused'), p_8->(87fa8eb1-9f69-4072-97cf-b3ac3acedbe7, 'O_Cancelled'), p_8->(skip_2, None), source->(6e823096-2502-4fd1-8dd2-d360db453a83, 'O_Create Offer') ]",['source:1'],['sink:1'],0.09,0.29,0.88
0,IMbi_freq,2012_O_lp,2012_O_lm,0,0,0.4,0.5,False,,,,,,,"places: [ p_3, p_4, p_5, p_6, sink, source ]
transitions: [ (19c30a43-1541-421b-ae69-bc1ccfe34cff, 'O_SELECTED'), (5705e34b-1e67-4cbd-869a-e00c0f8708e8, 'O_CREATED'), (593133df-17f4-4594-9ad3-3ef31ea3e034, 'O_ACCEPTED'), (7081d58d-6acd-4374-8c70-3b6cf6b4cde9, 'O_SENT_BACK'), (aa9db1ae-6e9f-4dcb-8326-047e8c664585, 'O_CANCELLED'), (b0351683-7941-42f6-bb0b-b2059ed5d496, 'O_SENT'), (d945d822-1b7a-42e3-a668-a1975ba599c1, 'O_DECLINED') ]
arcs: [ (19c30a43-1541-421b-ae69-bc1ccfe34cff, 'O_SELECTED')->p_3, (5705e34b-1e67-4cbd-869a-e00c0f8708e8, 'O_CREATED')->p_4, (593133df-17f4-4594-9ad3-3ef31ea3e034, 'O_ACCEPTED')->sink, (7081d58d-6acd-4374-8c70-3b6cf6b4cde9, 'O_SENT_BACK')->p_6, (aa9db1ae-6e9f-4dcb-8326-047e8c664585, 'O_CANCELLED')->sink, (b0351683-7941-42f6-bb0b-b2059ed5d496, 'O_SENT')->p_5, (d945d822-1b7a-42e3-a668-a1975ba599c1, 'O_DECLINED')->sink, p_3->(5705e34b-1e67-4cbd-869a-e00c0f8708e8, 'O_CREATED'), p_4->(b0351683-7941-42f6-bb0b-b2059ed5d496, 'O_SENT'), p_5->(7081d58d-6acd-4374-8c70-3b6cf6b4cde9, 'O_SENT_BACK'), p_6->(593133df-17f4-4594-9ad3-3ef31ea3e034, 'O_ACCEPTED'), p_6->(aa9db1ae-6e9f-4dcb-8326-047e8c664585, 'O_CANCELLED'), p_6->(d945d822-1b7a-42e3-a668-a1975ba599c1, 'O_DECLINED'), source->(19c30a43-1541-421b-ae69-bc1ccfe34cff, 'O_SELECTED') ]",['source:1'],['sink:1'],0.12,0.36,1.0
0,IMbi_rel,2012_O_lp,2012_O_lm,0,0,0.4,0.5,False,,,,,,,"places: [ p_10, p_5, p_6, p_7, p_9, sink, source ]
transitions: [ (0c8ccc3a-aebb-4a24-a124-ea5e269f28c5, 'O_SENT_BACK'), (33b11b81-0eca-4c79-8e93-8efe179088c8, 'O_ACCEPTED'), (50ac9448-b68d-4915-bc02-e0db0c9e21f5, 'O_DECLINED'), (528e4599-aec3-4982-9ba2-9f77989693ed, 'O_CREATED'), (5748512c-08cf-4f07-9821-5349c3fef917, 'O_SENT'), (c00895f9-306e-41e1-a767-3880192e639d, 'O_SELECTED'), (f6390e57-9b5d-41aa-9d53-d6d763383539, 'O_CANCELLED'), (skip_4, None), (skip_5, None) ]
arcs: [ (0c8ccc3a-aebb-4a24-a124-ea5e269f28c5, 'O_SENT_BACK')->p_9, (33b11b81-0eca-4c79-8e93-8efe179088c8, 'O_ACCEPTED')->p_10, (50ac9448-b68d-4915-bc02-e0db0c9e21f5, 'O_DECLINED')->sink, (528e4599-aec3-4982-9ba2-9f77989693ed, 'O_CREATED')->p_7, (5748512c-08cf-4f07-9821-5349c3fef917, 'O_SENT')->p_6, (c00895f9-306e-41e1-a767-3880192e639d, 'O_SELECTED')->p_5, (f6390e57-9b5d-41aa-9d53-d6d763383539, 'O_CANCELLED')->p_5, (skip_4, None)->p_10, (skip_5, None)->sink, p_10->(50ac9448-b68d-4915-bc02-e0db0c9e21f5, 'O_DECLINED'), p_10->(skip_5, None), p_5->(528e4599-aec3-4982-9ba2-9f77989693ed, 'O_CREATED'), p_6->(0c8ccc3a-aebb-4a24-a124-ea5e269f28c5, 'O_SENT_BACK'), p_6->(f6390e57-9b5d-41aa-9d53-d6d763383539, 'O_CANCELLED'), p_7->(5748512c-08cf-4f07-9821-5349c3fef917, 'O_SENT'), p_9->(33b11b81-0eca-4c79-8e93-8efe179088c8, 'O_ACCEPTED'), p_9->(skip_4, None), source->(c00895f9-306e-41e1-a767-3880192e639d, 'O_SELECTED') ]",['source:1'],['sink:1'],0.08,0.37,0.98
0,IMbi_aprox,2012_O_lp,2012_O_lm,0,0,0.4,0.5,False,,,,,,,"places: [ p_3, p_4, p_5, p_6, p_7, sink, source ]
transitions: [ (1d6366f3-5e69-4cfc-9036-e1f066a58bf7, 'O_SENT'), (2c103506-3162-4c02-abab-00c612203913, 'O_SELECTED'), (5dbcb8ea-ed0b-416e-b02f-b7355cd1dd4c, 'O_CANCELLED'), (9127eeea-0707-4937-a753-07df6eb0e729, 'O_CREATED'), (99021017-2802-448e-be83-69798f25d29e, 'O_DECLINED'), (c45db9c3-4826-44b7-aa25-1561df201177, 'O_ACCEPTED'), (e4653745-f67c-4578-8bb8-ce259817c609, 'O_SENT_BACK'), (skip_1, None), (skip_2, None) ]
arcs: [ (1d6366f3-5e69-4cfc-9036-e1f066a58bf7, 'O_SENT')->p_5, (2c103506-3162-4c02-abab-00c612203913, 'O_SELECTED')->p_3, (5dbcb8ea-ed0b-416e-b02f-b7355cd1dd4c, 'O_CANCELLED')->p_6, (9127eeea-0707-4937-a753-07df6eb0e729, 'O_CREATED')->p_4, (99021017-2802-448e-be83-69798f25d29e, 'O_DECLINED')->sink, (c45db9c3-4826-44b7-aa25-1561df201177, 'O_ACCEPTED')->sink, (e4653745-f67c-4578-8bb8-ce259817c609, 'O_SENT_BACK')->p_7, (skip_1, None)->p_6, (skip_2, None)->sink, p_3->(9127eeea-0707-4937-a753-07df6eb0e729, 'O_CREATED'), p_4->(1d6366f3-5e69-4cfc-9036-e1f066a58bf7, 'O_SENT'), p_5->(5dbcb8ea-ed0b-416e-b02f-b7355cd1dd4c, 'O_CANCELLED'), p_5->(skip_1, None), p_6->(e4653745-f67c-4578-8bb8-ce259817c609, 'O_SENT_BACK'), p_7->(99021017-2802-448e-be83-69798f25d29e, 'O_DECLINED'), p_7->(c45db9c3-4826-44b7-aa25-1561df201177, 'O_ACCEPTED'), p_7->(skip_2, None), source->(2c103506-3162-4c02-abab-00c612203913, 'O_SELECTED') ]",['source:1'],['sink:1'],0.13,0.37,0.98
0,IMbi_freq,2017_O_lp,2017_O_lm,0,0,0.4,0.5,False,,,,,,,"places: [ p_11, p_12, p_13, p_4, p_5, p_6, p_7, p_8, p_9, sink, source ]
transitions: [ (31ec2986-28fc-4f48-95df-969dead9b6d4, 'O_Sent (online only)'), (37d8c204-0334-419b-ad3a-d516210dad03, 'O_Accepted'), (8ca71fec-f5f5-4cf0-9f1e-4f2fb2a0035c, 'O_Created'), (af9a8e9b-6cb0-4b24-88e0-959fe321ad28, 'O_Cancelled'), (b5a8772f-251d-4389-ac91-e57cf5ade7a7, 'O_Sent (mail and online)'), (c53ba6c8-c3fc-4640-a6e6-694accf20ace, 'O_Returned'), (d9e9a9ef-9e15-478a-8d48-c8ca17936a5c, 'O_Create Offer'), (de614f78-75b7-454f-9e8a-4b520851e124, 'O_Refused'), (skip_4, None), (skip_5, None), (skip_6, None), (skip_7, None), (skip_8, None), (tau_1, None) ]
arcs: [ (31ec2986-28fc-4f48-95df-969dead9b6d4, 'O_Sent (online only)')->p_11, (37d8c204-0334-419b-ad3a-d516210dad03, 'O_Accepted')->p_12, (8ca71fec-f5f5-4cf0-9f1e-4f2fb2a0035c, 'O_Created')->p_8, (af9a8e9b-6cb0-4b24-88e0-959fe321ad28, 'O_Cancelled')->p_13, (b5a8772f-251d-4389-ac91-e57cf5ade7a7, 'O_Sent (mail and online)')->p_9, (c53ba6c8-c3fc-4640-a6e6-694accf20ace, 'O_Returned')->p_6, (d9e9a9ef-9e15-478a-8d48-c8ca17936a5c, 'O_Create Offer')->p_7, (de614f78-75b7-454f-9e8a-4b520851e124, 'O_Refused')->sink, (skip_4, None)->p_5, (skip_5, None)->p_4, (skip_6, None)->p_11, (skip_7, None)->p_13, (skip_8, None)->sink, (tau_1, None)->p_5, p_11->(37d8c204-0334-419b-ad3a-d516210dad03, 'O_Accepted'), p_12->(af9a8e9b-6cb0-4b24-88e0-959fe321ad28, 'O_Cancelled'), p_12->(skip_7, None), p_13->(de614f78-75b7-454f-9e8a-4b520851e124, 'O_Refused'), p_13->(skip_8, None), p_4->(31ec2986-28fc-4f48-95df-969dead9b6d4, 'O_Sent (online only)'), p_4->(skip_6, None), p_5->(d9e9a9ef-9e15-478a-8d48-c8ca17936a5c, 'O_Create Offer'), p_6->(skip_4, None), p_6->(skip_5, None), p_7->(8ca71fec-f5f5-4cf0-9f1e-4f2fb2a0035c, 'O_Created'), p_8->(b5a8772f-251d-4389-ac91-e57cf5ade7a7, 'O_Sent (mail and online)'), p_9->(c53ba6c8-c3fc-4640-a6e6-694accf20ace, 'O_Returned'), source->(tau_1, None) ]",['source:1'],['sink:1'],0.11,0.35,0.88
0,IMbi_rel,2017_O_lp,2017_O_lm,0,0,0.4,0.5,False,,,,,,,"places: [ p_10, p_12, p_13, p_4, p_5, p_6, p_9, sink, source ]
transitions: [ (229f858b-048a-489e-8734-dad16fbc176d, 'O_Returned'), (2febfe7b-aa8c-4dd9-895a-6ac2a34f563a, 'O_Refused'), (5b665193-b57d-4fa4-8ccd-4c71f25d29ab, 'O_Accepted'), (67db3dcc-f8fd-432b-b010-6003ccd7c96b, 'O_Sent (mail and online)'), (92db7d36-19d0-4578-bb14-3b5f39590573, 'O_Cancelled'), (9ad5c8d2-63dd-49e6-b16f-19c63f620cde, 'O_Sent (online only)'), (9c35fad3-f861-4eb8-9f2f-4501b1800001, 'O_Created'), (e9f5fc0f-b548-40d0-b763-f90ec4f55811, 'O_Create Offer'), (skip_10, None), (skip_6, None), (skip_8, None), (skip_9, None), (tau_1, None) ]
arcs: [ (229f858b-048a-489e-8734-dad16fbc176d, 'O_Returned')->p_12, (2febfe7b-aa8c-4dd9-895a-6ac2a34f563a, 'O_Refused')->sink, (5b665193-b57d-4fa4-8ccd-4c71f25d29ab, 'O_Accepted')->p_6, (67db3dcc-f8fd-432b-b010-6003ccd7c96b, 'O_Sent (mail and online)')->p_10, (92db7d36-19d0-4578-bb14-3b5f39590573, 'O_Cancelled')->p_5, (9ad5c8d2-63dd-49e6-b16f-19c63f620cde, 'O_Sent (online only)')->p_13, (9c35fad3-f861-4eb8-9f2f-4501b1800001, 'O_Created')->p_9, (e9f5fc0f-b548-40d0-b763-f90ec4f55811, 'O_Create Offer')->p_9, (skip_10, None)->sink, (skip_6, None)->p_10, (skip_8, None)->p_13, (skip_9, None)->p_4, (tau_1, None)->p_5, p_10->(229f858b-048a-489e-8734-dad16fbc176d, 'O_Returned'), p_10->(9c35fad3-f861-4eb8-9f2f-4501b1800001, 'O_Created'), p_12->(9ad5c8d2-63dd-49e6-b16f-19c63f620cde, 'O_Sent (online only)'), p_12->(skip_8, None), p_13->(5b665193-b57d-4fa4-8ccd-4c71f25d29ab, 'O_Accepted'), p_4->(2febfe7b-aa8c-4dd9-895a-6ac2a34f563a, 'O_Refused'), p_4->(skip_10, None), p_5->(e9f5fc0f-b548-40d0-b763-f90ec4f55811, 'O_Create Offer'), p_6->(92db7d36-19d0-4578-bb14-3b5f39590573, 'O_Cancelled'), p_6->(skip_9, None), p_9->(67db3dcc-f8fd-432b-b010-6003ccd7c96b, 'O_Sent (mail and online)'), p_9->(skip_6, None), source->(tau_1, None) ]",['source:1'],['sink:1'],0.19,0.33,0.45
0,IMbi_aprox,2017_O_lp,2017_O_lm,0,0,0.4,0.5,False,,,,,,,"places: [ p_3, p_4, p_5, p_6, p_7, p_8, sink, source ]
transitions: [ (150085f8-0a7e-41dd-abfa-00ea5baf9fe0, 'O_Cancelled'), (17d823a9-c516-49f7-bd69-b0d0b287ec80, 'O_Sent (online only)'), (2c34c6de-d899-48eb-acd4-86c2c8f95cd9, 'O_Created'), (59851cfe-22e0-4089-8481-ea8f72d78f27, 'O_Sent (mail and online)'), (67b5aa66-61e6-4b78-835e-456bb4d9c19e, 'O_Accepted'), (a00e81c9-30cc-4e7b-b5dc-55be71386ccd, 'O_Create Offer'), (b7382775-7541-4254-a26f-566c533fd58f, 'O_Returned'), (e7edf17e-61ff-48b7-b24b-7b5df86da4f4, 'O_Refused'), (skip_1, None), (skip_2, None) ]
arcs: [ (150085f8-0a7e-41dd-abfa-00ea5baf9fe0, 'O_Cancelled')->sink, (17d823a9-c516-49f7-bd69-b0d0b287ec80, 'O_Sent (online only)')->p_7, (2c34c6de-d899-48eb-acd4-86c2c8f95cd9, 'O_Created')->p_4, (59851cfe-22e0-4089-8481-ea8f72d78f27, 'O_Sent (mail and online)')->p_5, (67b5aa66-61e6-4b78-835e-456bb4d9c19e, 'O_Accepted')->p_8, (a00e81c9-30cc-4e7b-b5dc-55be71386ccd, 'O_Create Offer')->p_3, (b7382775-7541-4254-a26f-566c533fd58f, 'O_Returned')->p_6, (e7edf17e-61ff-48b7-b24b-7b5df86da4f4, 'O_Refused')->sink, (skip_1, None)->p_7, (skip_2, None)->sink, p_3->(2c34c6de-d899-48eb-acd4-86c2c8f95cd9, 'O_Created'), p_4->(59851cfe-22e0-4089-8481-ea8f72d78f27, 'O_Sent (mail and online)'), p_5->(b7382775-7541-4254-a26f-566c533fd58f, 'O_Returned'), p_6->(17d823a9-c516-49f7-bd69-b0d0b287ec80, 'O_Sent (online only)'), p_6->(skip_1, None), p_7->(67b5aa66-61e6-4b78-835e-456bb4d9c19e, 'O_Accepted'), p_7->(e7edf17e-61ff-48b7-b24b-7b5df86da4f4, 'O_Refused'), p_8->(150085f8-0a7e-41dd-abfa-00ea5baf9fe0, 'O_Cancelled'), p_8->(skip_2, None), source->(a00e81c9-30cc-4e7b-b5dc-55be71386ccd, 'O_Create Offer') ]",['source:1'],['sink:1'],0.09,0.29,0.88
