miner,logP_Name,logM_Name,imf_noise_thr,hm_depen_thr,im_bi_sup,im_bi_ratio,use_gnn,acc_logs,fitP,fitM,f1_fit_logs,precision,net,im,fm,cut_type
IMbi_ali,C:/Users/Marko/Desktop/IMbi_Data/analysing/lp_2012_f,,0,0,0,0,False,,1.0,,,0.68,"places: [ p_11, p_12, p_13, p_14, p_15, p_3, p_4, p_5, p_6, p_7, p_8, p_9, sink, source ]
transitions: [ (10fe556f-6132-4a35-9358-9283ae7401a9, 'A_PREACCEPTED'), (7bb5cdd4-82b8-419a-b71b-455e659d2ecc, 'O_CREATED'), (897e1906-801f-4fd2-8495-d676fb64849a, 'A_SUBMITTED'), (8e42e4c8-a37b-4005-9b5d-ce068b35a6b7, 'A_ACCEPTED'), (911a6111-cae3-4ede-86cc-406de17bbd34, 'A_DECLINED'), (bd7bb401-e16c-4d63-9092-54f7e7d0b23c, 'O_SENT'), (bddb4031-df64-4ae7-b157-9ed67e6fc5b8, 'O_SELECTED'), (d3e49c26-62eb-4784-976a-739bbbe70013, 'A_FINALIZED'), (e8a7afc6-55f9-497f-894d-de0d3e2bc215, 'A_PARTLYSUBMITTED'), (init_loop_5, None), (skip_1, None), (skip_10, None), (skip_11, None), (skip_12, None), (skip_2, None), (skip_3, None), (skip_4, None), (skip_9, None), (tauSplit_7, None) ]
arcs: [ (10fe556f-6132-4a35-9358-9283ae7401a9, 'A_PREACCEPTED')->p_6, (7bb5cdd4-82b8-419a-b71b-455e659d2ecc, 'O_CREATED')->p_15, (897e1906-801f-4fd2-8495-d676fb64849a, 'A_SUBMITTED')->p_3, (8e42e4c8-a37b-4005-9b5d-ce068b35a6b7, 'A_ACCEPTED')->p_5, (911a6111-cae3-4ede-86cc-406de17bbd34, 'A_DECLINED')->sink, (bd7bb401-e16c-4d63-9092-54f7e7d0b23c, 'O_SENT')->p_9, (bddb4031-df64-4ae7-b157-9ed67e6fc5b8, 'O_SELECTED')->p_14, (d3e49c26-62eb-4784-976a-739bbbe70013, 'A_FINALIZED')->p_12, (e8a7afc6-55f9-497f-894d-de0d3e2bc215, 'A_PARTLYSUBMITTED')->p_4, (init_loop_5, None)->p_8, (skip_1, None)->p_5, (skip_10, None)->p_8, (skip_11, None)->p_7, (skip_12, None)->sink, (skip_2, None)->p_5, (skip_3, None)->sink, (skip_4, None)->p_7, (skip_9, None)->p_12, (tauSplit_7, None)->p_11, (tauSplit_7, None)->p_13, p_11->(d3e49c26-62eb-4784-976a-739bbbe70013, 'A_FINALIZED'), p_11->(skip_9, None), p_12->(7bb5cdd4-82b8-419a-b71b-455e659d2ecc, 'O_CREATED'), p_13->(bddb4031-df64-4ae7-b157-9ed67e6fc5b8, 'O_SELECTED'), p_14->(7bb5cdd4-82b8-419a-b71b-455e659d2ecc, 'O_CREATED'), p_15->(bd7bb401-e16c-4d63-9092-54f7e7d0b23c, 'O_SENT'), p_3->(e8a7afc6-55f9-497f-894d-de0d3e2bc215, 'A_PARTLYSUBMITTED'), p_4->(10fe556f-6132-4a35-9358-9283ae7401a9, 'A_PREACCEPTED'), p_4->(skip_1, None), p_5->(init_loop_5, None), p_5->(skip_3, None), p_5->(skip_4, None), p_6->(8e42e4c8-a37b-4005-9b5d-ce068b35a6b7, 'A_ACCEPTED'), p_6->(skip_2, None), p_7->(911a6111-cae3-4ede-86cc-406de17bbd34, 'A_DECLINED'), p_7->(skip_12, None), p_8->(tauSplit_7, None), p_9->(skip_10, None), p_9->(skip_11, None), source->(897e1906-801f-4fd2-8495-d676fb64849a, 'A_SUBMITTED') ]",['source:1'],['sink:1'],1.0
IMbi_ali,C:/Users/Marko/Desktop/IMbi_Data/analysing/lp_2012_f,,0,0,0,0,True,,1.0,,,0.44,"places: [ p_12, p_13, p_17, p_18, p_22, p_23, p_3, p_4, p_5, p_6, p_7, p_8, p_9, sink, source ]
transitions: [ (0de31994-35b0-43aa-adfc-a8f44caca881, 'A_DECLINED'), (16b4f65c-f595-47c9-ae79-9dcb822bd065, 'A_SUBMITTED'), (3284d5cb-33a5-4b47-8cd5-d17ff1c98ef4, 'A_ACCEPTED'), (3b93d413-7a76-49ca-9134-1365939bc460, 'O_SENT'), (428ef325-aa40-495a-9969-680dc08b7278, 'O_SELECTED'), (9b2fa815-fdcb-4611-84be-b45ade74ae95, 'O_CREATED'), (b33aa0e7-fb94-46c3-9b85-9767bebe2594, 'A_FINALIZED'), (c1ceb74e-327b-47f0-9aef-77f334be2c1b, 'A_PREACCEPTED'), (edba7c00-d5bd-42e8-87d0-c9434ca2826d, 'A_PARTLYSUBMITTED'), (skip_1, None), (skip_13, None), (skip_17, None), (skip_19, None), (skip_2, None), (skip_3, None), (skip_4, None), (skip_9, None), (tauJoin_6, None), (tauSplit_5, None) ]
arcs: [ (0de31994-35b0-43aa-adfc-a8f44caca881, 'A_DECLINED')->sink, (16b4f65c-f595-47c9-ae79-9dcb822bd065, 'A_SUBMITTED')->p_3, (3284d5cb-33a5-4b47-8cd5-d17ff1c98ef4, 'A_ACCEPTED')->p_5, (3b93d413-7a76-49ca-9134-1365939bc460, 'O_SENT')->p_13, (428ef325-aa40-495a-9969-680dc08b7278, 'O_SELECTED')->p_18, (9b2fa815-fdcb-4611-84be-b45ade74ae95, 'O_CREATED')->p_23, (b33aa0e7-fb94-46c3-9b85-9767bebe2594, 'A_FINALIZED')->p_9, (c1ceb74e-327b-47f0-9aef-77f334be2c1b, 'A_PREACCEPTED')->p_6, (edba7c00-d5bd-42e8-87d0-c9434ca2826d, 'A_PARTLYSUBMITTED')->p_4, (skip_1, None)->p_5, (skip_13, None)->p_17, (skip_17, None)->p_22, (skip_19, None)->sink, (skip_2, None)->p_5, (skip_3, None)->sink, (skip_4, None)->p_7, (skip_9, None)->p_12, (tauJoin_6, None)->p_7, (tauSplit_5, None)->p_12, (tauSplit_5, None)->p_17, (tauSplit_5, None)->p_22, (tauSplit_5, None)->p_8, p_12->(3b93d413-7a76-49ca-9134-1365939bc460, 'O_SENT'), p_13->(skip_9, None), p_13->(tauJoin_6, None), p_17->(428ef325-aa40-495a-9969-680dc08b7278, 'O_SELECTED'), p_18->(skip_13, None), p_18->(tauJoin_6, None), p_22->(9b2fa815-fdcb-4611-84be-b45ade74ae95, 'O_CREATED'), p_23->(skip_17, None), p_23->(tauJoin_6, None), p_3->(edba7c00-d5bd-42e8-87d0-c9434ca2826d, 'A_PARTLYSUBMITTED'), p_4->(c1ceb74e-327b-47f0-9aef-77f334be2c1b, 'A_PREACCEPTED'), p_4->(skip_1, None), p_5->(skip_3, None), p_5->(skip_4, None), p_5->(tauSplit_5, None), p_6->(3284d5cb-33a5-4b47-8cd5-d17ff1c98ef4, 'A_ACCEPTED'), p_6->(skip_2, None), p_7->(0de31994-35b0-43aa-adfc-a8f44caca881, 'A_DECLINED'), p_7->(skip_19, None), p_8->(b33aa0e7-fb94-46c3-9b85-9767bebe2594, 'A_FINALIZED'), p_9->(tauJoin_6, None), source->(16b4f65c-f595-47c9-ae79-9dcb822bd065, 'A_SUBMITTED') ]",['source:1'],['sink:1'],1.0
IMbi_ali,C:/Users/Marko/Desktop/IMbi_Data/analysing/lp_2012_f,,0,0,0.2,0,False,,1.0,,,0.68,"places: [ p_11, p_12, p_13, p_14, p_15, p_3, p_4, p_5, p_6, p_7, p_8, p_9, sink, source ]
transitions: [ (202b9daf-bdfa-42b3-984c-d383d58fd251, 'O_CREATED'), (2df2dd02-dff4-4e50-b914-d33e4bb926f7, 'A_PARTLYSUBMITTED'), (3e22a4f6-8140-46a2-af4f-dfb03286b297, 'A_PREACCEPTED'), (5e44ccab-a8ba-4ea3-8916-5aa183bbaaf4, 'A_ACCEPTED'), (7012021c-405d-497c-95f2-7f2d45d2ba38, 'O_SELECTED'), (a63c6799-a407-48e3-9ca9-6dc6f4b664a0, 'A_FINALIZED'), (ad837360-6be2-43a5-b6e1-2c2fbebbaa27, 'A_DECLINED'), (c6e84736-35d0-4ca8-a8a3-801ac0cd0ea3, 'A_SUBMITTED'), (d5e16321-98f0-490d-901b-be29a0962cf5, 'O_SENT'), (init_loop_4, None), (skip_1, None), (skip_10, None), (skip_11, None), (skip_2, None), (skip_3, None), (skip_8, None), (skip_9, None), (tauSplit_6, None) ]
arcs: [ (202b9daf-bdfa-42b3-984c-d383d58fd251, 'O_CREATED')->p_15, (2df2dd02-dff4-4e50-b914-d33e4bb926f7, 'A_PARTLYSUBMITTED')->p_4, (3e22a4f6-8140-46a2-af4f-dfb03286b297, 'A_PREACCEPTED')->p_6, (5e44ccab-a8ba-4ea3-8916-5aa183bbaaf4, 'A_ACCEPTED')->p_5, (7012021c-405d-497c-95f2-7f2d45d2ba38, 'O_SELECTED')->p_14, (a63c6799-a407-48e3-9ca9-6dc6f4b664a0, 'A_FINALIZED')->p_12, (ad837360-6be2-43a5-b6e1-2c2fbebbaa27, 'A_DECLINED')->sink, (c6e84736-35d0-4ca8-a8a3-801ac0cd0ea3, 'A_SUBMITTED')->p_3, (d5e16321-98f0-490d-901b-be29a0962cf5, 'O_SENT')->p_9, (init_loop_4, None)->p_8, (skip_1, None)->p_5, (skip_10, None)->p_7, (skip_11, None)->sink, (skip_2, None)->p_5, (skip_3, None)->p_7, (skip_8, None)->p_12, (skip_9, None)->p_8, (tauSplit_6, None)->p_11, (tauSplit_6, None)->p_13, p_11->(a63c6799-a407-48e3-9ca9-6dc6f4b664a0, 'A_FINALIZED'), p_11->(skip_8, None), p_12->(202b9daf-bdfa-42b3-984c-d383d58fd251, 'O_CREATED'), p_13->(7012021c-405d-497c-95f2-7f2d45d2ba38, 'O_SELECTED'), p_14->(202b9daf-bdfa-42b3-984c-d383d58fd251, 'O_CREATED'), p_15->(d5e16321-98f0-490d-901b-be29a0962cf5, 'O_SENT'), p_3->(2df2dd02-dff4-4e50-b914-d33e4bb926f7, 'A_PARTLYSUBMITTED'), p_4->(3e22a4f6-8140-46a2-af4f-dfb03286b297, 'A_PREACCEPTED'), p_4->(skip_1, None), p_5->(init_loop_4, None), p_5->(skip_3, None), p_6->(5e44ccab-a8ba-4ea3-8916-5aa183bbaaf4, 'A_ACCEPTED'), p_6->(skip_2, None), p_7->(ad837360-6be2-43a5-b6e1-2c2fbebbaa27, 'A_DECLINED'), p_7->(skip_11, None), p_8->(tauSplit_6, None), p_9->(skip_10, None), p_9->(skip_9, None), source->(c6e84736-35d0-4ca8-a8a3-801ac0cd0ea3, 'A_SUBMITTED') ]",['source:1'],['sink:1'],2.0
IMbi_ali,C:/Users/Marko/Desktop/IMbi_Data/analysing/lp_2012_f,,0,0,0.2,0,True,,1.0,,,0.62,"places: [ p_11, p_12, p_13, p_14, p_15, p_3, p_4, p_5, p_6, p_7, p_8, p_9, sink, source ]
transitions: [ (1d4968bb-74e2-477d-95ab-88e0a76dd296, 'A_PREACCEPTED'), (46ee6658-b4e6-468d-a916-10225d30df83, 'A_ACCEPTED'), (5aaacef4-2a6f-456a-acc8-2609566fbe09, 'O_SENT'), (5bc97064-f739-4a6e-8f0d-27a93750634a, 'A_FINALIZED'), (83adf6dd-57f9-4091-865a-5adeb526583e, 'A_SUBMITTED'), (980fc89e-0adb-4551-9261-5c4d5beb9ecb, 'A_DECLINED'), (b09a18e8-1009-4549-8b9d-9cdddb2d8a13, 'A_PARTLYSUBMITTED'), (d31f6ad9-9ae0-403d-8799-893e9b9fd1b4, 'O_SELECTED'), (ec5c2b86-9afb-48de-896e-7221b5972b42, 'O_CREATED'), (init_loop_4, None), (skip_1, None), (skip_10, None), (skip_11, None), (skip_2, None), (skip_3, None), (skip_8, None), (skip_9, None), (tauSplit_6, None) ]
arcs: [ (1d4968bb-74e2-477d-95ab-88e0a76dd296, 'A_PREACCEPTED')->p_5, (46ee6658-b4e6-468d-a916-10225d30df83, 'A_ACCEPTED')->p_6, (5aaacef4-2a6f-456a-acc8-2609566fbe09, 'O_SENT')->p_9, (5bc97064-f739-4a6e-8f0d-27a93750634a, 'A_FINALIZED')->p_12, (83adf6dd-57f9-4091-865a-5adeb526583e, 'A_SUBMITTED')->p_3, (980fc89e-0adb-4551-9261-5c4d5beb9ecb, 'A_DECLINED')->sink, (b09a18e8-1009-4549-8b9d-9cdddb2d8a13, 'A_PARTLYSUBMITTED')->p_4, (d31f6ad9-9ae0-403d-8799-893e9b9fd1b4, 'O_SELECTED')->p_14, (ec5c2b86-9afb-48de-896e-7221b5972b42, 'O_CREATED')->p_15, (init_loop_4, None)->p_8, (skip_1, None)->p_5, (skip_10, None)->p_7, (skip_11, None)->sink, (skip_2, None)->p_6, (skip_3, None)->p_7, (skip_8, None)->p_12, (skip_9, None)->p_8, (tauSplit_6, None)->p_11, (tauSplit_6, None)->p_13, p_11->(5bc97064-f739-4a6e-8f0d-27a93750634a, 'A_FINALIZED'), p_11->(skip_8, None), p_12->(ec5c2b86-9afb-48de-896e-7221b5972b42, 'O_CREATED'), p_13->(d31f6ad9-9ae0-403d-8799-893e9b9fd1b4, 'O_SELECTED'), p_14->(ec5c2b86-9afb-48de-896e-7221b5972b42, 'O_CREATED'), p_15->(5aaacef4-2a6f-456a-acc8-2609566fbe09, 'O_SENT'), p_3->(b09a18e8-1009-4549-8b9d-9cdddb2d8a13, 'A_PARTLYSUBMITTED'), p_4->(1d4968bb-74e2-477d-95ab-88e0a76dd296, 'A_PREACCEPTED'), p_4->(skip_1, None), p_5->(46ee6658-b4e6-468d-a916-10225d30df83, 'A_ACCEPTED'), p_5->(skip_2, None), p_6->(init_loop_4, None), p_6->(skip_3, None), p_7->(980fc89e-0adb-4551-9261-5c4d5beb9ecb, 'A_DECLINED'), p_7->(skip_11, None), p_8->(tauSplit_6, None), p_9->(skip_10, None), p_9->(skip_9, None), source->(83adf6dd-57f9-4091-865a-5adeb526583e, 'A_SUBMITTED') ]",['source:1'],['sink:1'],2.0
IMbi_ali,C:/Users/Marko/Desktop/IMbi_Data/analysing/lp_2012_f,,0,0,0.3,0,False,,0.99,,,0.69,"places: [ p_11, p_12, p_13, p_14, p_15, p_3, p_4, p_5, p_6, p_7, p_8, p_9, sink, source ]
transitions: [ (090763bf-7e23-4f34-bfd8-e7d52f761a98, 'O_SELECTED'), (1aba3061-b84c-46dc-a457-7d52ca4774d0, 'O_SENT'), (68b5c4dd-e199-49a4-baa4-94e3b46d9032, 'A_PREACCEPTED'), (6a37f26b-0335-4dca-aa7e-c87fb5b2300c, 'A_ACCEPTED'), (92f97528-7810-4cab-aaf4-0ee4e6a85eea, 'A_PARTLYSUBMITTED'), (bb5efae6-398a-4b78-82a5-d181836eef7e, 'A_FINALIZED'), (c5c06ad9-fc4e-4c3e-a02b-e9a677323b3f, 'A_SUBMITTED'), (e7515819-0c6d-4c38-8ccc-26a93289a102, 'A_DECLINED'), (f95f9dd4-e485-4708-859c-39fc49406af0, 'O_CREATED'), (init_loop_4, None), (skip_1, None), (skip_10, None), (skip_2, None), (skip_3, None), (skip_8, None), (skip_9, None), (tauSplit_6, None) ]
arcs: [ (090763bf-7e23-4f34-bfd8-e7d52f761a98, 'O_SELECTED')->p_14, (1aba3061-b84c-46dc-a457-7d52ca4774d0, 'O_SENT')->p_9, (68b5c4dd-e199-49a4-baa4-94e3b46d9032, 'A_PREACCEPTED')->p_6, (6a37f26b-0335-4dca-aa7e-c87fb5b2300c, 'A_ACCEPTED')->p_5, (92f97528-7810-4cab-aaf4-0ee4e6a85eea, 'A_PARTLYSUBMITTED')->p_4, (bb5efae6-398a-4b78-82a5-d181836eef7e, 'A_FINALIZED')->p_12, (c5c06ad9-fc4e-4c3e-a02b-e9a677323b3f, 'A_SUBMITTED')->p_3, (e7515819-0c6d-4c38-8ccc-26a93289a102, 'A_DECLINED')->sink, (f95f9dd4-e485-4708-859c-39fc49406af0, 'O_CREATED')->p_15, (init_loop_4, None)->p_8, (skip_1, None)->p_5, (skip_10, None)->sink, (skip_2, None)->p_5, (skip_3, None)->p_7, (skip_8, None)->p_8, (skip_9, None)->p_7, (tauSplit_6, None)->p_11, (tauSplit_6, None)->p_13, p_11->(bb5efae6-398a-4b78-82a5-d181836eef7e, 'A_FINALIZED'), p_12->(f95f9dd4-e485-4708-859c-39fc49406af0, 'O_CREATED'), p_13->(090763bf-7e23-4f34-bfd8-e7d52f761a98, 'O_SELECTED'), p_14->(f95f9dd4-e485-4708-859c-39fc49406af0, 'O_CREATED'), p_15->(1aba3061-b84c-46dc-a457-7d52ca4774d0, 'O_SENT'), p_3->(92f97528-7810-4cab-aaf4-0ee4e6a85eea, 'A_PARTLYSUBMITTED'), p_4->(68b5c4dd-e199-49a4-baa4-94e3b46d9032, 'A_PREACCEPTED'), p_4->(skip_1, None), p_5->(init_loop_4, None), p_5->(skip_3, None), p_6->(6a37f26b-0335-4dca-aa7e-c87fb5b2300c, 'A_ACCEPTED'), p_6->(skip_2, None), p_7->(e7515819-0c6d-4c38-8ccc-26a93289a102, 'A_DECLINED'), p_7->(skip_10, None), p_8->(tauSplit_6, None), p_9->(skip_8, None), p_9->(skip_9, None), source->(c5c06ad9-fc4e-4c3e-a02b-e9a677323b3f, 'A_SUBMITTED') ]",['source:1'],['sink:1'],3.0
IMbi_ali,C:/Users/Marko/Desktop/IMbi_Data/analysing/lp_2012_f,,0,0,0.3,0,True,,0.99,,,0.62,"places: [ p_11, p_12, p_13, p_14, p_15, p_3, p_4, p_5, p_6, p_7, p_8, p_9, sink, source ]
transitions: [ (1491d3ab-12b3-41d1-9306-79f837d97089, 'O_CREATED'), (223a7a96-968d-4f22-8c7c-8c979c8f78f5, 'A_PREACCEPTED'), (533b686a-fcf3-41ba-917f-ca9c4e38f63f, 'A_FINALIZED'), (59e9f8fc-9489-4fce-967f-f5f108f6980d, 'O_SELECTED'), (af57d867-0663-4c3c-93d8-30d26d129d2c, 'A_SUBMITTED'), (c45f5e04-2b22-4fd6-a1ab-48f8f7a09749, 'O_SENT'), (e192823d-39ce-445b-a4cc-62b5d5de5a7e, 'A_PARTLYSUBMITTED'), (e3e431d1-9ec4-4a92-a69a-f438e78da72c, 'A_DECLINED'), (e3e7f206-2e89-4c96-874f-da7080adc68d, 'A_ACCEPTED'), (init_loop_4, None), (skip_1, None), (skip_10, None), (skip_2, None), (skip_3, None), (skip_8, None), (skip_9, None), (tauSplit_6, None) ]
arcs: [ (1491d3ab-12b3-41d1-9306-79f837d97089, 'O_CREATED')->p_15, (223a7a96-968d-4f22-8c7c-8c979c8f78f5, 'A_PREACCEPTED')->p_5, (533b686a-fcf3-41ba-917f-ca9c4e38f63f, 'A_FINALIZED')->p_12, (59e9f8fc-9489-4fce-967f-f5f108f6980d, 'O_SELECTED')->p_14, (af57d867-0663-4c3c-93d8-30d26d129d2c, 'A_SUBMITTED')->p_3, (c45f5e04-2b22-4fd6-a1ab-48f8f7a09749, 'O_SENT')->p_9, (e192823d-39ce-445b-a4cc-62b5d5de5a7e, 'A_PARTLYSUBMITTED')->p_4, (e3e431d1-9ec4-4a92-a69a-f438e78da72c, 'A_DECLINED')->sink, (e3e7f206-2e89-4c96-874f-da7080adc68d, 'A_ACCEPTED')->p_6, (init_loop_4, None)->p_8, (skip_1, None)->p_5, (skip_10, None)->sink, (skip_2, None)->p_6, (skip_3, None)->p_7, (skip_8, None)->p_8, (skip_9, None)->p_7, (tauSplit_6, None)->p_11, (tauSplit_6, None)->p_13, p_11->(533b686a-fcf3-41ba-917f-ca9c4e38f63f, 'A_FINALIZED'), p_12->(1491d3ab-12b3-41d1-9306-79f837d97089, 'O_CREATED'), p_13->(59e9f8fc-9489-4fce-967f-f5f108f6980d, 'O_SELECTED'), p_14->(1491d3ab-12b3-41d1-9306-79f837d97089, 'O_CREATED'), p_15->(c45f5e04-2b22-4fd6-a1ab-48f8f7a09749, 'O_SENT'), p_3->(e192823d-39ce-445b-a4cc-62b5d5de5a7e, 'A_PARTLYSUBMITTED'), p_4->(223a7a96-968d-4f22-8c7c-8c979c8f78f5, 'A_PREACCEPTED'), p_4->(skip_1, None), p_5->(e3e7f206-2e89-4c96-874f-da7080adc68d, 'A_ACCEPTED'), p_5->(skip_2, None), p_6->(init_loop_4, None), p_6->(skip_3, None), p_7->(e3e431d1-9ec4-4a92-a69a-f438e78da72c, 'A_DECLINED'), p_7->(skip_10, None), p_8->(tauSplit_6, None), p_9->(skip_8, None), p_9->(skip_9, None), source->(af57d867-0663-4c3c-93d8-30d26d129d2c, 'A_SUBMITTED') ]",['source:1'],['sink:1'],3.0
IMbi_ali,C:/Users/Marko/Desktop/IMbi_Data/analysing/lp_2012_f,,0,0,0.4,0,False,,0.99,,,0.69,"places: [ p_11, p_12, p_13, p_14, p_15, p_3, p_4, p_5, p_6, p_7, p_8, p_9, sink, source ]
transitions: [ (311d47cf-4234-4bf5-8020-9571e4653a53, 'O_SENT'), (38eef171-6c5a-4c8c-9225-a8264d2fe457, 'A_PARTLYSUBMITTED'), (38f58502-7424-4d45-b153-1c905516f09d, 'O_CREATED'), (6f79bcd4-3095-476e-9760-6ee54186e3f3, 'A_FINALIZED'), (80c3de4b-70de-4d25-a528-064646af77d1, 'A_SUBMITTED'), (95661ec2-6904-4bf9-a37f-7fa060a82bcf, 'A_DECLINED'), (977e837b-35ea-4a69-beb7-7edf87129046, 'A_PREACCEPTED'), (b505c66a-0334-47d9-993f-8218d2772cee, 'A_ACCEPTED'), (e33c73a0-b725-4771-9570-738c778ffbd3, 'O_SELECTED'), (init_loop_5, None), (skip_10, None), (skip_2, None), (skip_3, None), (skip_4, None), (skip_9, None), (tauSplit_7, None), (tau_1, None) ]
arcs: [ (311d47cf-4234-4bf5-8020-9571e4653a53, 'O_SENT')->p_9, (38eef171-6c5a-4c8c-9225-a8264d2fe457, 'A_PARTLYSUBMITTED')->p_5, (38f58502-7424-4d45-b153-1c905516f09d, 'O_CREATED')->p_15, (6f79bcd4-3095-476e-9760-6ee54186e3f3, 'A_FINALIZED')->p_12, (80c3de4b-70de-4d25-a528-064646af77d1, 'A_SUBMITTED')->p_4, (95661ec2-6904-4bf9-a37f-7fa060a82bcf, 'A_DECLINED')->p_3, (977e837b-35ea-4a69-beb7-7edf87129046, 'A_PREACCEPTED')->p_7, (b505c66a-0334-47d9-993f-8218d2772cee, 'A_ACCEPTED')->p_6, (e33c73a0-b725-4771-9570-738c778ffbd3, 'O_SELECTED')->p_14, (init_loop_5, None)->p_8, (skip_10, None)->p_3, (skip_2, None)->p_6, (skip_3, None)->p_6, (skip_4, None)->p_3, (skip_9, None)->p_8, (tauSplit_7, None)->p_11, (tauSplit_7, None)->p_13, (tau_1, None)->sink, p_11->(6f79bcd4-3095-476e-9760-6ee54186e3f3, 'A_FINALIZED'), p_12->(38f58502-7424-4d45-b153-1c905516f09d, 'O_CREATED'), p_13->(e33c73a0-b725-4771-9570-738c778ffbd3, 'O_SELECTED'), p_14->(38f58502-7424-4d45-b153-1c905516f09d, 'O_CREATED'), p_15->(311d47cf-4234-4bf5-8020-9571e4653a53, 'O_SENT'), p_3->(tau_1, None), p_4->(38eef171-6c5a-4c8c-9225-a8264d2fe457, 'A_PARTLYSUBMITTED'), p_5->(977e837b-35ea-4a69-beb7-7edf87129046, 'A_PREACCEPTED'), p_5->(skip_2, None), p_6->(95661ec2-6904-4bf9-a37f-7fa060a82bcf, 'A_DECLINED'), p_6->(init_loop_5, None), p_6->(skip_4, None), p_7->(b505c66a-0334-47d9-993f-8218d2772cee, 'A_ACCEPTED'), p_7->(skip_3, None), p_8->(tauSplit_7, None), p_9->(skip_10, None), p_9->(skip_9, None), source->(80c3de4b-70de-4d25-a528-064646af77d1, 'A_SUBMITTED') ]",['source:1'],['sink:1'],4.0
IMbi_ali,C:/Users/Marko/Desktop/IMbi_Data/analysing/lp_2012_f,,0,0,0.4,0,True,,0.99,,,0.62,"places: [ p_11, p_12, p_13, p_14, p_15, p_3, p_4, p_5, p_6, p_7, p_8, p_9, sink, source ]
transitions: [ (003fa14c-cca7-4525-99c7-e2ce39c9a711, 'O_SELECTED'), (4546cc4a-7ccd-4be6-9741-4628cb7a7b8b, 'A_FINALIZED'), (5e81d049-1500-41d1-953c-45e507c1ea15, 'A_SUBMITTED'), (637e78d2-f7fd-4107-a8c7-7d9ce56ec045, 'A_PREACCEPTED'), (6a5d065b-b4d6-4c80-81de-b66865d75d81, 'A_DECLINED'), (7d4db848-61b0-4c01-8d7d-782e1d40e89d, 'O_SENT'), (c35a8332-faf9-48dd-9b6b-e148a6b2d307, 'A_ACCEPTED'), (f5feed61-02c8-418a-87ae-b483eef886ee, 'A_PARTLYSUBMITTED'), (fdb7285d-13a0-4805-ad64-ca970b035b3e, 'O_CREATED'), (init_loop_5, None), (skip_10, None), (skip_2, None), (skip_3, None), (skip_4, None), (skip_9, None), (tauSplit_7, None), (tau_1, None) ]
arcs: [ (003fa14c-cca7-4525-99c7-e2ce39c9a711, 'O_SELECTED')->p_14, (4546cc4a-7ccd-4be6-9741-4628cb7a7b8b, 'A_FINALIZED')->p_12, (5e81d049-1500-41d1-953c-45e507c1ea15, 'A_SUBMITTED')->p_4, (637e78d2-f7fd-4107-a8c7-7d9ce56ec045, 'A_PREACCEPTED')->p_6, (6a5d065b-b4d6-4c80-81de-b66865d75d81, 'A_DECLINED')->p_3, (7d4db848-61b0-4c01-8d7d-782e1d40e89d, 'O_SENT')->p_9, (c35a8332-faf9-48dd-9b6b-e148a6b2d307, 'A_ACCEPTED')->p_7, (f5feed61-02c8-418a-87ae-b483eef886ee, 'A_PARTLYSUBMITTED')->p_5, (fdb7285d-13a0-4805-ad64-ca970b035b3e, 'O_CREATED')->p_15, (init_loop_5, None)->p_8, (skip_10, None)->p_3, (skip_2, None)->p_6, (skip_3, None)->p_7, (skip_4, None)->p_3, (skip_9, None)->p_8, (tauSplit_7, None)->p_11, (tauSplit_7, None)->p_13, (tau_1, None)->sink, p_11->(4546cc4a-7ccd-4be6-9741-4628cb7a7b8b, 'A_FINALIZED'), p_12->(fdb7285d-13a0-4805-ad64-ca970b035b3e, 'O_CREATED'), p_13->(003fa14c-cca7-4525-99c7-e2ce39c9a711, 'O_SELECTED'), p_14->(fdb7285d-13a0-4805-ad64-ca970b035b3e, 'O_CREATED'), p_15->(7d4db848-61b0-4c01-8d7d-782e1d40e89d, 'O_SENT'), p_3->(tau_1, None), p_4->(f5feed61-02c8-418a-87ae-b483eef886ee, 'A_PARTLYSUBMITTED'), p_5->(637e78d2-f7fd-4107-a8c7-7d9ce56ec045, 'A_PREACCEPTED'), p_5->(skip_2, None), p_6->(c35a8332-faf9-48dd-9b6b-e148a6b2d307, 'A_ACCEPTED'), p_6->(skip_3, None), p_7->(6a5d065b-b4d6-4c80-81de-b66865d75d81, 'A_DECLINED'), p_7->(init_loop_5, None), p_7->(skip_4, None), p_8->(tauSplit_7, None), p_9->(skip_10, None), p_9->(skip_9, None), source->(5e81d049-1500-41d1-953c-45e507c1ea15, 'A_SUBMITTED') ]",['source:1'],['sink:1'],4.0
IMbi_ali,C:/Users/Marko/Desktop/IMbi_Data/analysing/lp_2012_f,,0,0,0.5,0,False,,0.95,,,0.73,"places: [ p_11, p_12, p_13, p_14, p_15, p_3, p_4, p_5, p_6, p_7, p_8, p_9, sink, source ]
transitions: [ (091c3f27-3115-4cad-b459-ded2d3fe24f2, 'A_FINALIZED'), (0f887985-6095-4b38-b3c6-b0cd3ff5bc98, 'O_CREATED'), (48d72c2f-e972-4a80-b53f-dbb8f79dd9fe, 'O_SENT'), (49fbf126-e0b9-40e9-afad-bf07b66584f9, 'A_SUBMITTED'), (4b3f93dd-4995-4636-bb4d-7f1d18d26615, 'A_PREACCEPTED'), (81becb11-0bd5-4cd9-84c4-f06c22975d99, 'O_SELECTED'), (a43900f0-9f9f-456a-abe7-3d12157ffd32, 'A_PARTLYSUBMITTED'), (d08b008b-5150-433e-8add-09d518e7bcda, 'A_ACCEPTED'), (f31aff8a-2986-4564-a7d8-37896e6f0d15, 'A_DECLINED'), (init_loop_4, None), (skip_2, None), (skip_3, None), (skip_8, None), (skip_9, None), (tauSplit_6, None), (tau_1, None) ]
arcs: [ (091c3f27-3115-4cad-b459-ded2d3fe24f2, 'A_FINALIZED')->p_12, (0f887985-6095-4b38-b3c6-b0cd3ff5bc98, 'O_CREATED')->p_15, (48d72c2f-e972-4a80-b53f-dbb8f79dd9fe, 'O_SENT')->p_9, (49fbf126-e0b9-40e9-afad-bf07b66584f9, 'A_SUBMITTED')->p_4, (4b3f93dd-4995-4636-bb4d-7f1d18d26615, 'A_PREACCEPTED')->p_7, (81becb11-0bd5-4cd9-84c4-f06c22975d99, 'O_SELECTED')->p_14, (a43900f0-9f9f-456a-abe7-3d12157ffd32, 'A_PARTLYSUBMITTED')->p_5, (d08b008b-5150-433e-8add-09d518e7bcda, 'A_ACCEPTED')->p_6, (f31aff8a-2986-4564-a7d8-37896e6f0d15, 'A_DECLINED')->p_3, (init_loop_4, None)->p_8, (skip_2, None)->p_6, (skip_3, None)->p_3, (skip_8, None)->p_8, (skip_9, None)->p_3, (tauSplit_6, None)->p_11, (tauSplit_6, None)->p_13, (tau_1, None)->sink, p_11->(091c3f27-3115-4cad-b459-ded2d3fe24f2, 'A_FINALIZED'), p_12->(0f887985-6095-4b38-b3c6-b0cd3ff5bc98, 'O_CREATED'), p_13->(81becb11-0bd5-4cd9-84c4-f06c22975d99, 'O_SELECTED'), p_14->(0f887985-6095-4b38-b3c6-b0cd3ff5bc98, 'O_CREATED'), p_15->(48d72c2f-e972-4a80-b53f-dbb8f79dd9fe, 'O_SENT'), p_3->(tau_1, None), p_4->(a43900f0-9f9f-456a-abe7-3d12157ffd32, 'A_PARTLYSUBMITTED'), p_5->(4b3f93dd-4995-4636-bb4d-7f1d18d26615, 'A_PREACCEPTED'), p_5->(skip_2, None), p_6->(f31aff8a-2986-4564-a7d8-37896e6f0d15, 'A_DECLINED'), p_6->(init_loop_4, None), p_6->(skip_3, None), p_7->(d08b008b-5150-433e-8add-09d518e7bcda, 'A_ACCEPTED'), p_8->(tauSplit_6, None), p_9->(skip_8, None), p_9->(skip_9, None), source->(49fbf126-e0b9-40e9-afad-bf07b66584f9, 'A_SUBMITTED') ]",['source:1'],['sink:1'],5.0
IMbi_ali,C:/Users/Marko/Desktop/IMbi_Data/analysing/lp_2012_f,,0,0,0.5,0,True,,0.99,,,0.62,"places: [ p_11, p_12, p_13, p_14, p_15, p_3, p_4, p_5, p_6, p_7, p_8, p_9, sink, source ]
transitions: [ (172a82d0-c5f3-4784-b298-a7aa31c1ffda, 'A_PREACCEPTED'), (1ded7356-fb51-4931-9602-0f0f4d2d1724, 'O_SENT'), (2cce2f79-bfa0-4c3e-915e-23af43a7f65b, 'A_PARTLYSUBMITTED'), (441cae98-bc80-4173-807b-9351ce201c14, 'A_ACCEPTED'), (95d7233b-4586-4fe2-8c87-cb3d47c0d4b6, 'O_CREATED'), (d06fa417-f1fb-4595-8ddf-5d224445e81e, 'A_SUBMITTED'), (de576ba8-9da1-4f30-b3ea-491d9e1805e1, 'O_SELECTED'), (e655f182-b413-42bd-9554-6556b3e11f72, 'A_FINALIZED'), (f06ef9ee-f055-4baf-b989-03819fd689e0, 'A_DECLINED'), (init_loop_5, None), (skip_10, None), (skip_2, None), (skip_3, None), (skip_4, None), (skip_9, None), (tauSplit_7, None), (tau_1, None) ]
arcs: [ (172a82d0-c5f3-4784-b298-a7aa31c1ffda, 'A_PREACCEPTED')->p_6, (1ded7356-fb51-4931-9602-0f0f4d2d1724, 'O_SENT')->p_9, (2cce2f79-bfa0-4c3e-915e-23af43a7f65b, 'A_PARTLYSUBMITTED')->p_5, (441cae98-bc80-4173-807b-9351ce201c14, 'A_ACCEPTED')->p_7, (95d7233b-4586-4fe2-8c87-cb3d47c0d4b6, 'O_CREATED')->p_15, (d06fa417-f1fb-4595-8ddf-5d224445e81e, 'A_SUBMITTED')->p_4, (de576ba8-9da1-4f30-b3ea-491d9e1805e1, 'O_SELECTED')->p_14, (e655f182-b413-42bd-9554-6556b3e11f72, 'A_FINALIZED')->p_12, (f06ef9ee-f055-4baf-b989-03819fd689e0, 'A_DECLINED')->p_3, (init_loop_5, None)->p_8, (skip_10, None)->p_3, (skip_2, None)->p_6, (skip_3, None)->p_7, (skip_4, None)->p_3, (skip_9, None)->p_8, (tauSplit_7, None)->p_11, (tauSplit_7, None)->p_13, (tau_1, None)->sink, p_11->(e655f182-b413-42bd-9554-6556b3e11f72, 'A_FINALIZED'), p_12->(95d7233b-4586-4fe2-8c87-cb3d47c0d4b6, 'O_CREATED'), p_13->(de576ba8-9da1-4f30-b3ea-491d9e1805e1, 'O_SELECTED'), p_14->(95d7233b-4586-4fe2-8c87-cb3d47c0d4b6, 'O_CREATED'), p_15->(1ded7356-fb51-4931-9602-0f0f4d2d1724, 'O_SENT'), p_3->(tau_1, None), p_4->(2cce2f79-bfa0-4c3e-915e-23af43a7f65b, 'A_PARTLYSUBMITTED'), p_5->(172a82d0-c5f3-4784-b298-a7aa31c1ffda, 'A_PREACCEPTED'), p_5->(skip_2, None), p_6->(441cae98-bc80-4173-807b-9351ce201c14, 'A_ACCEPTED'), p_6->(skip_3, None), p_7->(f06ef9ee-f055-4baf-b989-03819fd689e0, 'A_DECLINED'), p_7->(init_loop_5, None), p_7->(skip_4, None), p_8->(tauSplit_7, None), p_9->(skip_10, None), p_9->(skip_9, None), source->(d06fa417-f1fb-4595-8ddf-5d224445e81e, 'A_SUBMITTED') ]",['source:1'],['sink:1'],5.0
IMbi_ali,C:/Users/Marko/Desktop/IMbi_Data/analysing/lp_2012_f,,0,0,0.6,0,False,,0.89,,,0.88,"places: [ p_10, p_11, p_12, p_3, p_4, p_5, p_6, p_8, p_9, sink, source ]
transitions: [ (1157e79d-5415-4780-b75a-146be21181d3, 'A_FINALIZED'), (319e9357-cffc-4a24-91fc-9839e8866295, 'O_SELECTED'), (43ced632-54da-44c7-95c1-4b05713ef598, 'A_ACCEPTED'), (a4616a25-a5f7-4d87-8a90-d49d9e445b9e, 'O_SENT'), (ab4840aa-a37e-4d7a-922a-8a8120f8660c, 'O_CREATED'), (c014757d-0e1c-4bcf-add2-a820651057dc, 'A_PARTLYSUBMITTED'), (c7160f45-8d80-417b-8c92-c26f7b49e571, 'A_PREACCEPTED'), (e49c99be-799a-41be-893b-370e675c62e9, 'A_SUBMITTED'), (f9f38521-6359-4681-ba8e-3ab87177a20b, 'A_DECLINED'), (skip_1, None), (tauSplit_2, None) ]
arcs: [ (1157e79d-5415-4780-b75a-146be21181d3, 'A_FINALIZED')->p_9, (319e9357-cffc-4a24-91fc-9839e8866295, 'O_SELECTED')->p_11, (43ced632-54da-44c7-95c1-4b05713ef598, 'A_ACCEPTED')->p_6, (a4616a25-a5f7-4d87-8a90-d49d9e445b9e, 'O_SENT')->sink, (ab4840aa-a37e-4d7a-922a-8a8120f8660c, 'O_CREATED')->p_12, (c014757d-0e1c-4bcf-add2-a820651057dc, 'A_PARTLYSUBMITTED')->p_4, (c7160f45-8d80-417b-8c92-c26f7b49e571, 'A_PREACCEPTED')->p_5, (e49c99be-799a-41be-893b-370e675c62e9, 'A_SUBMITTED')->p_3, (f9f38521-6359-4681-ba8e-3ab87177a20b, 'A_DECLINED')->sink, (skip_1, None)->p_6, (tauSplit_2, None)->p_10, (tauSplit_2, None)->p_8, p_10->(319e9357-cffc-4a24-91fc-9839e8866295, 'O_SELECTED'), p_11->(ab4840aa-a37e-4d7a-922a-8a8120f8660c, 'O_CREATED'), p_12->(a4616a25-a5f7-4d87-8a90-d49d9e445b9e, 'O_SENT'), p_3->(c014757d-0e1c-4bcf-add2-a820651057dc, 'A_PARTLYSUBMITTED'), p_4->(c7160f45-8d80-417b-8c92-c26f7b49e571, 'A_PREACCEPTED'), p_5->(43ced632-54da-44c7-95c1-4b05713ef598, 'A_ACCEPTED'), p_5->(skip_1, None), p_6->(f9f38521-6359-4681-ba8e-3ab87177a20b, 'A_DECLINED'), p_6->(tauSplit_2, None), p_8->(1157e79d-5415-4780-b75a-146be21181d3, 'A_FINALIZED'), p_9->(ab4840aa-a37e-4d7a-922a-8a8120f8660c, 'O_CREATED'), source->(e49c99be-799a-41be-893b-370e675c62e9, 'A_SUBMITTED') ]",['source:1'],['sink:1'],6.0
IMbi_ali,C:/Users/Marko/Desktop/IMbi_Data/analysing/lp_2012_f,,0,0,0.6,0,True,,0.89,,,0.84,"places: [ p_10, p_11, p_12, p_13, p_14, p_15, p_3, p_4, p_5, p_6, p_8, p_9, sink, source ]
transitions: [ (058747ac-99f2-45d1-9395-eaa15413d2dc, 'A_SUBMITTED'), (40f8c767-e0b8-4162-ac6e-b91c177b9db5, 'A_DECLINED'), (450a60b5-a631-4448-950f-e755cce03ced, 'A_FINALIZED'), (60cdfa54-3dff-4db7-9517-bffe15559f89, 'O_SENT'), (64f20580-02da-442e-ab8f-ed7e174f8958, 'A_PREACCEPTED'), (7fe9796c-674c-41b9-8a3b-333cd5ea2782, 'A_ACCEPTED'), (98b339a9-4850-4fc0-a012-18568198e1c9, 'O_SELECTED'), (d0843241-a59a-4ab1-bf39-ba7e347d4067, 'A_PARTLYSUBMITTED'), (fa93f037-76b5-4b41-bd46-98d728b19753, 'O_CREATED'), (skip_1, None), (tauJoin_3, None), (tauJoin_5, None), (tauSplit_2, None) ]
arcs: [ (058747ac-99f2-45d1-9395-eaa15413d2dc, 'A_SUBMITTED')->p_3, (40f8c767-e0b8-4162-ac6e-b91c177b9db5, 'A_DECLINED')->sink, (450a60b5-a631-4448-950f-e755cce03ced, 'A_FINALIZED')->p_9, (60cdfa54-3dff-4db7-9517-bffe15559f89, 'O_SENT')->p_13, (64f20580-02da-442e-ab8f-ed7e174f8958, 'A_PREACCEPTED')->p_5, (7fe9796c-674c-41b9-8a3b-333cd5ea2782, 'A_ACCEPTED')->p_6, (98b339a9-4850-4fc0-a012-18568198e1c9, 'O_SELECTED')->p_11, (d0843241-a59a-4ab1-bf39-ba7e347d4067, 'A_PARTLYSUBMITTED')->p_4, (fa93f037-76b5-4b41-bd46-98d728b19753, 'O_CREATED')->p_15, (skip_1, None)->p_6, (tauJoin_3, None)->p_12, (tauJoin_3, None)->p_14, (tauJoin_5, None)->sink, (tauSplit_2, None)->p_10, (tauSplit_2, None)->p_8, p_10->(98b339a9-4850-4fc0-a012-18568198e1c9, 'O_SELECTED'), p_11->(tauJoin_3, None), p_12->(60cdfa54-3dff-4db7-9517-bffe15559f89, 'O_SENT'), p_13->(tauJoin_5, None), p_14->(fa93f037-76b5-4b41-bd46-98d728b19753, 'O_CREATED'), p_15->(tauJoin_5, None), p_3->(d0843241-a59a-4ab1-bf39-ba7e347d4067, 'A_PARTLYSUBMITTED'), p_4->(64f20580-02da-442e-ab8f-ed7e174f8958, 'A_PREACCEPTED'), p_5->(7fe9796c-674c-41b9-8a3b-333cd5ea2782, 'A_ACCEPTED'), p_5->(skip_1, None), p_6->(40f8c767-e0b8-4162-ac6e-b91c177b9db5, 'A_DECLINED'), p_6->(tauSplit_2, None), p_8->(450a60b5-a631-4448-950f-e755cce03ced, 'A_FINALIZED'), p_9->(tauJoin_3, None), source->(058747ac-99f2-45d1-9395-eaa15413d2dc, 'A_SUBMITTED') ]",['source:1'],['sink:1'],6.0
IMbi_ali,C:/Users/Marko/Desktop/IMbi_Data/analysing/lp_2017_f,,0,0,0,0,False,,1.0,,,0.51,"places: [ p_10, p_11, p_12, p_13, p_14, p_15, p_16, p_17, p_18, p_19, p_22, p_23, p_24, p_25, p_27, p_28, p_29, p_30, p_31, p_32, p_34, p_35, p_36, p_37, p_4, p_5, p_7, p_8, p_9, sink, source ]
transitions: [ (08c7eed1-9513-4fef-a779-7af96f19769c, 'A_Create Application'), (3d0c5b32-5093-4673-9f9f-aedf5e2ac7e4, 'O_Created'), (58fb6b18-bedb-4aa4-9d6c-a806a0934736, 'A_Accepted'), (5934ed75-cbe7-4d11-ac1e-7365a6438aac, 'O_Create Offer'), (76d28197-429e-40a6-9c6a-128a5a504ea4, 'O_Returned'), (7f00be59-cc1e-4c96-8aa7-10572e5ccbb6, 'A_Validating'), (a949894c-1a1b-4f3c-825d-d3f3d7df35cb, 'O_Sent (mail and online)'), (aae309a2-c8ea-4e15-a194-c0a782c3d2e9, 'A_Concept'), (b2fe1fc0-4c20-4e4e-967d-8d20980499bf, 'A_Incomplete'), (c4adf4d0-a186-4caa-8084-d74a4e5bf99d, 'A_Complete'), (init_loop_11, None), (init_loop_21, None), (init_loop_29, None), (init_loop_34, None), (init_loop_4, None), (skip_10, None), (skip_13, None), (skip_14, None), (skip_15, None), (skip_16, None), (skip_17, None), (skip_20, None), (skip_23, None), (skip_24, None), (skip_25, None), (skip_28, None), (skip_31, None), (skip_32, None), (skip_33, None), (skip_36, None), (skip_37, None), (skip_38, None), (skip_39, None), (skip_6, None), (skip_9, None), (tauJoin_19, None), (tauJoin_27, None), (tauJoin_8, None), (tauSplit_18, None), (tauSplit_26, None), (tauSplit_7, None) ]
arcs: [ (08c7eed1-9513-4fef-a779-7af96f19769c, 'A_Create Application')->p_4, (3d0c5b32-5093-4673-9f9f-aedf5e2ac7e4, 'O_Created')->p_13, (58fb6b18-bedb-4aa4-9d6c-a806a0934736, 'A_Accepted')->p_7, (5934ed75-cbe7-4d11-ac1e-7365a6438aac, 'O_Create Offer')->p_12, (76d28197-429e-40a6-9c6a-128a5a504ea4, 'O_Returned')->p_37, (7f00be59-cc1e-4c96-8aa7-10572e5ccbb6, 'A_Validating')->p_32, (a949894c-1a1b-4f3c-825d-d3f3d7df35cb, 'O_Sent (mail and online)')->p_19, (aae309a2-c8ea-4e15-a194-c0a782c3d2e9, 'A_Concept')->p_5, (b2fe1fc0-4c20-4e4e-967d-8d20980499bf, 'A_Incomplete')->p_25, (c4adf4d0-a186-4caa-8084-d74a4e5bf99d, 'A_Complete')->p_15, (init_loop_11, None)->p_18, (init_loop_21, None)->p_24, (init_loop_29, None)->p_31, (init_loop_34, None)->p_36, (init_loop_4, None)->p_10, (skip_10, None)->p_17, (skip_13, None)->p_18, (skip_14, None)->p_17, (skip_15, None)->p_10, (skip_16, None)->p_9, (skip_17, None)->p_8, (skip_20, None)->p_23, (skip_23, None)->p_24, (skip_24, None)->p_23, (skip_25, None)->p_28, (skip_28, None)->p_30, (skip_31, None)->p_31, (skip_32, None)->p_30, (skip_33, None)->p_35, (skip_36, None)->p_36, (skip_37, None)->p_35, (skip_38, None)->p_7, (skip_39, None)->sink, (skip_6, None)->p_11, (skip_9, None)->p_15, (tauJoin_19, None)->p_8, (tauJoin_27, None)->p_28, (tauJoin_8, None)->p_11, (tauSplit_18, None)->p_22, (tauSplit_18, None)->p_27, (tauSplit_26, None)->p_29, (tauSplit_26, None)->p_34, (tauSplit_7, None)->p_14, (tauSplit_7, None)->p_16, p_10->(5934ed75-cbe7-4d11-ac1e-7365a6438aac, 'O_Create Offer'), p_11->(skip_15, None), p_11->(skip_16, None), p_12->(3d0c5b32-5093-4673-9f9f-aedf5e2ac7e4, 'O_Created'), p_13->(skip_6, None), p_13->(tauSplit_7, None), p_14->(c4adf4d0-a186-4caa-8084-d74a4e5bf99d, 'A_Complete'), p_14->(skip_9, None), p_15->(tauJoin_8, None), p_16->(init_loop_11, None), p_16->(skip_10, None), p_17->(tauJoin_8, None), p_18->(a949894c-1a1b-4f3c-825d-d3f3d7df35cb, 'O_Sent (mail and online)'), p_19->(skip_13, None), p_19->(skip_14, None), p_22->(init_loop_21, None), p_22->(skip_20, None), p_23->(tauJoin_19, None), p_24->(b2fe1fc0-4c20-4e4e-967d-8d20980499bf, 'A_Incomplete'), p_25->(skip_23, None), p_25->(skip_24, None), p_27->(skip_25, None), p_27->(tauSplit_26, None), p_28->(tauJoin_19, None), p_29->(init_loop_29, None), p_29->(skip_28, None), p_30->(tauJoin_27, None), p_31->(7f00be59-cc1e-4c96-8aa7-10572e5ccbb6, 'A_Validating'), p_32->(skip_31, None), p_32->(skip_32, None), p_34->(init_loop_34, None), p_34->(skip_33, None), p_35->(tauJoin_27, None), p_36->(76d28197-429e-40a6-9c6a-128a5a504ea4, 'O_Returned'), p_37->(skip_36, None), p_37->(skip_37, None), p_4->(aae309a2-c8ea-4e15-a194-c0a782c3d2e9, 'A_Concept'), p_5->(58fb6b18-bedb-4aa4-9d6c-a806a0934736, 'A_Accepted'), p_7->(init_loop_4, None), p_8->(skip_38, None), p_8->(skip_39, None), p_9->(skip_17, None), p_9->(tauSplit_18, None), source->(08c7eed1-9513-4fef-a779-7af96f19769c, 'A_Create Application') ]",['source:1'],['sink:1'],7.0
IMbi_ali,C:/Users/Marko/Desktop/IMbi_Data/analysing/lp_2017_f,,0,0,0,0,True,,1.0,,,0.32,"places: [ p_11, p_12, p_16, p_17, p_19, p_20, p_21, p_22, p_26, p_27, p_29, p_30, p_31, p_32, p_36, p_37, p_4, p_5, p_7, p_8, sink, source ]
transitions: [ (20465c54-9ba0-4ad9-a033-d3d6e0d7768b, 'A_Accepted'), (20e1432e-8c5f-4bf2-a580-9665848555e2, 'A_Create Application'), (64818765-7164-499f-b650-c6d01158e4c5, 'O_Created'), (bcde9905-902a-4c26-a4b1-cafa3a918ff2, 'O_Create Offer'), (c0110846-d131-40f3-9b18-51d180c2e002, 'A_Concept'), (c30559b2-d47c-481d-8076-244f6a634d03, 'O_Sent (mail and online)'), (d1f5a76d-2ad0-421c-8a89-c1a65e639be8, 'A_Validating'), (d5a8fdd4-638e-42b2-b700-3d11f526f6fc, 'O_Returned'), (f7322260-2d8d-46c4-a266-f4bf8c28f5ce, 'A_Incomplete'), (fe0d3359-0b90-427d-9a55-1fa2a60f64a9, 'A_Complete'), (init_loop_13, None), (init_loop_22, None), (skip_10, None), (skip_12, None), (skip_15, None), (skip_16, None), (skip_19, None), (skip_21, None), (skip_24, None), (skip_25, None), (skip_28, None), (skip_6, None), (tauJoin_3, None) ]
arcs: [ (20465c54-9ba0-4ad9-a033-d3d6e0d7768b, 'A_Accepted')->p_11, (20465c54-9ba0-4ad9-a033-d3d6e0d7768b, 'A_Accepted')->p_16, (20465c54-9ba0-4ad9-a033-d3d6e0d7768b, 'A_Accepted')->p_19, (20465c54-9ba0-4ad9-a033-d3d6e0d7768b, 'A_Accepted')->p_26, (20465c54-9ba0-4ad9-a033-d3d6e0d7768b, 'A_Accepted')->p_29, (20465c54-9ba0-4ad9-a033-d3d6e0d7768b, 'A_Accepted')->p_36, (20465c54-9ba0-4ad9-a033-d3d6e0d7768b, 'A_Accepted')->p_7, (20e1432e-8c5f-4bf2-a580-9665848555e2, 'A_Create Application')->p_4, (64818765-7164-499f-b650-c6d01158e4c5, 'O_Created')->p_12, (bcde9905-902a-4c26-a4b1-cafa3a918ff2, 'O_Create Offer')->p_27, (c0110846-d131-40f3-9b18-51d180c2e002, 'A_Concept')->p_5, (c30559b2-d47c-481d-8076-244f6a634d03, 'O_Sent (mail and online)')->p_22, (d1f5a76d-2ad0-421c-8a89-c1a65e639be8, 'A_Validating')->p_17, (d5a8fdd4-638e-42b2-b700-3d11f526f6fc, 'O_Returned')->p_32, (f7322260-2d8d-46c4-a266-f4bf8c28f5ce, 'A_Incomplete')->p_37, (fe0d3359-0b90-427d-9a55-1fa2a60f64a9, 'A_Complete')->p_8, (init_loop_13, None)->p_21, (init_loop_22, None)->p_31, (skip_10, None)->p_16, (skip_12, None)->p_20, (skip_15, None)->p_21, (skip_16, None)->p_20, (skip_19, None)->p_26, (skip_21, None)->p_30, (skip_24, None)->p_31, (skip_25, None)->p_30, (skip_28, None)->p_36, (skip_6, None)->p_11, (tauJoin_3, None)->sink, p_11->(64818765-7164-499f-b650-c6d01158e4c5, 'O_Created'), p_12->(skip_6, None), p_12->(tauJoin_3, None), p_16->(d1f5a76d-2ad0-421c-8a89-c1a65e639be8, 'A_Validating'), p_17->(skip_10, None), p_17->(tauJoin_3, None), p_19->(init_loop_13, None), p_19->(skip_12, None), p_20->(tauJoin_3, None), p_21->(c30559b2-d47c-481d-8076-244f6a634d03, 'O_Sent (mail and online)'), p_22->(skip_15, None), p_22->(skip_16, None), p_26->(bcde9905-902a-4c26-a4b1-cafa3a918ff2, 'O_Create Offer'), p_27->(skip_19, None), p_27->(tauJoin_3, None), p_29->(init_loop_22, None), p_29->(skip_21, None), p_30->(tauJoin_3, None), p_31->(d5a8fdd4-638e-42b2-b700-3d11f526f6fc, 'O_Returned'), p_32->(skip_24, None), p_32->(skip_25, None), p_36->(f7322260-2d8d-46c4-a266-f4bf8c28f5ce, 'A_Incomplete'), p_37->(skip_28, None), p_37->(tauJoin_3, None), p_4->(c0110846-d131-40f3-9b18-51d180c2e002, 'A_Concept'), p_5->(20465c54-9ba0-4ad9-a033-d3d6e0d7768b, 'A_Accepted'), p_7->(fe0d3359-0b90-427d-9a55-1fa2a60f64a9, 'A_Complete'), p_8->(tauJoin_3, None), source->(20e1432e-8c5f-4bf2-a580-9665848555e2, 'A_Create Application') ]",['source:1'],['sink:1'],7.0
IMbi_ali,C:/Users/Marko/Desktop/IMbi_Data/analysing/lp_2017_f,,0,0,0.2,0,False,,0.96,,,0.67,"places: [ p_10, p_11, p_12, p_13, p_14, p_18, p_19, p_21, p_22, p_23, p_24, p_4, p_5, p_7, p_8, sink, source ]
transitions: [ (18d11493-1618-4efa-a807-5a939909589a, 'O_Created'), (19ae5937-a5fc-442e-b358-cc6935318326, 'A_Incomplete'), (3550faad-d215-4ff1-bc87-7c4def91c82b, 'O_Sent (mail and online)'), (4255033f-2874-4412-b57f-b2628a39c978, 'O_Create Offer'), (558ff353-2922-4f9b-9cc3-c2821b8762e6, 'A_Validating'), (6d1435da-378c-4629-bf24-02a598d67304, 'O_Returned'), (9e74bdaa-f223-41fd-af4d-26b4c8d72b00, 'A_Create Application'), (a87afe0b-a3b4-43d3-b663-1855cdfcfa93, 'A_Concept'), (ba66b246-6145-462b-9ac4-50029325d097, 'A_Accepted'), (c2ea791d-15fb-43ac-ad12-b47a9c2b526b, 'A_Complete'), (init_loop_4, None), (skip_13, None), (skip_15, None), (skip_16, None), (skip_6, None), (skip_7, None), (skip_8, None), (tauJoin_10, None) ]
arcs: [ (18d11493-1618-4efa-a807-5a939909589a, 'O_Created')->p_13, (19ae5937-a5fc-442e-b358-cc6935318326, 'A_Incomplete')->p_24, (3550faad-d215-4ff1-bc87-7c4def91c82b, 'O_Sent (mail and online)')->p_14, (4255033f-2874-4412-b57f-b2628a39c978, 'O_Create Offer')->p_12, (558ff353-2922-4f9b-9cc3-c2821b8762e6, 'A_Validating')->p_19, (6d1435da-378c-4629-bf24-02a598d67304, 'O_Returned')->p_22, (9e74bdaa-f223-41fd-af4d-26b4c8d72b00, 'A_Create Application')->p_4, (a87afe0b-a3b4-43d3-b663-1855cdfcfa93, 'A_Concept')->p_5, (ba66b246-6145-462b-9ac4-50029325d097, 'A_Accepted')->p_7, (c2ea791d-15fb-43ac-ad12-b47a9c2b526b, 'A_Complete')->p_11, (init_loop_4, None)->p_10, (skip_13, None)->p_18, (skip_15, None)->p_7, (skip_16, None)->sink, (skip_6, None)->p_11, (skip_7, None)->p_10, (skip_8, None)->p_18, (skip_8, None)->p_21, (skip_8, None)->p_23, (tauJoin_10, None)->p_8, p_10->(4255033f-2874-4412-b57f-b2628a39c978, 'O_Create Offer'), p_11->(skip_7, None), p_11->(skip_8, None), p_12->(18d11493-1618-4efa-a807-5a939909589a, 'O_Created'), p_13->(3550faad-d215-4ff1-bc87-7c4def91c82b, 'O_Sent (mail and online)'), p_14->(c2ea791d-15fb-43ac-ad12-b47a9c2b526b, 'A_Complete'), p_14->(skip_6, None), p_18->(558ff353-2922-4f9b-9cc3-c2821b8762e6, 'A_Validating'), p_19->(skip_13, None), p_19->(tauJoin_10, None), p_21->(6d1435da-378c-4629-bf24-02a598d67304, 'O_Returned'), p_22->(tauJoin_10, None), p_23->(19ae5937-a5fc-442e-b358-cc6935318326, 'A_Incomplete'), p_24->(tauJoin_10, None), p_4->(a87afe0b-a3b4-43d3-b663-1855cdfcfa93, 'A_Concept'), p_5->(ba66b246-6145-462b-9ac4-50029325d097, 'A_Accepted'), p_7->(init_loop_4, None), p_8->(skip_15, None), p_8->(skip_16, None), source->(9e74bdaa-f223-41fd-af4d-26b4c8d72b00, 'A_Create Application') ]",['source:1'],['sink:1'],8.0
IMbi_ali,C:/Users/Marko/Desktop/IMbi_Data/analysing/lp_2017_f,,0,0,0.2,0,True,,0.93,,,0.7,"places: [ p_12, p_13, p_14, p_15, p_18, p_19, p_21, p_22, p_23, p_24, p_4, p_5, p_7, p_8, p_9, sink, source ]
transitions: [ (05510f5f-b11b-4679-9135-dd276c96a542, 'A_Create Application'), (4a35d8cf-f72c-4864-a1c4-4d3ce3532471, 'O_Create Offer'), (6bbb49f6-8f08-4d24-a505-31b4c7d2ef67, 'A_Complete'), (6bdf1024-fa2c-4506-ba71-def333ab5fd2, 'O_Sent (mail and online)'), (93efcd87-83fd-4828-a6e0-6fedbbeda58a, 'A_Validating'), (b0bb346c-35b5-473c-a5ac-e0965ea1c8bb, 'A_Accepted'), (b1de65b3-dfc3-4388-9d08-8e85d42d9850, 'O_Returned'), (ba00449e-d257-4836-9843-0ffbcd2217e3, 'A_Incomplete'), (d825d36a-bb70-48b9-b146-9d83423c2dbb, 'A_Concept'), (f6d346f1-482c-46a9-afeb-8e1e3d547cea, 'O_Created'), (skip_11, None), (skip_13, None), (skip_14, None), (skip_6, None), (tauJoin_5, None), (tauJoin_8, None) ]
arcs: [ (05510f5f-b11b-4679-9135-dd276c96a542, 'A_Create Application')->p_4, (4a35d8cf-f72c-4864-a1c4-4d3ce3532471, 'O_Create Offer')->p_9, (6bbb49f6-8f08-4d24-a505-31b4c7d2ef67, 'A_Complete')->p_13, (6bdf1024-fa2c-4506-ba71-def333ab5fd2, 'O_Sent (mail and online)')->p_15, (93efcd87-83fd-4828-a6e0-6fedbbeda58a, 'A_Validating')->p_19, (b0bb346c-35b5-473c-a5ac-e0965ea1c8bb, 'A_Accepted')->p_7, (b1de65b3-dfc3-4388-9d08-8e85d42d9850, 'O_Returned')->p_22, (ba00449e-d257-4836-9843-0ffbcd2217e3, 'A_Incomplete')->p_24, (d825d36a-bb70-48b9-b146-9d83423c2dbb, 'A_Concept')->p_5, (f6d346f1-482c-46a9-afeb-8e1e3d547cea, 'O_Created')->p_12, (f6d346f1-482c-46a9-afeb-8e1e3d547cea, 'O_Created')->p_14, (skip_11, None)->p_18, (skip_13, None)->p_7, (skip_14, None)->sink, (skip_6, None)->p_13, (tauJoin_5, None)->p_18, (tauJoin_5, None)->p_21, (tauJoin_5, None)->p_23, (tauJoin_8, None)->p_8, p_12->(6bbb49f6-8f08-4d24-a505-31b4c7d2ef67, 'A_Complete'), p_12->(skip_6, None), p_13->(tauJoin_5, None), p_14->(6bdf1024-fa2c-4506-ba71-def333ab5fd2, 'O_Sent (mail and online)'), p_15->(tauJoin_5, None), p_18->(93efcd87-83fd-4828-a6e0-6fedbbeda58a, 'A_Validating'), p_19->(skip_11, None), p_19->(tauJoin_8, None), p_21->(b1de65b3-dfc3-4388-9d08-8e85d42d9850, 'O_Returned'), p_22->(tauJoin_8, None), p_23->(ba00449e-d257-4836-9843-0ffbcd2217e3, 'A_Incomplete'), p_24->(tauJoin_8, None), p_4->(d825d36a-bb70-48b9-b146-9d83423c2dbb, 'A_Concept'), p_5->(b0bb346c-35b5-473c-a5ac-e0965ea1c8bb, 'A_Accepted'), p_7->(4a35d8cf-f72c-4864-a1c4-4d3ce3532471, 'O_Create Offer'), p_8->(skip_13, None), p_8->(skip_14, None), p_9->(f6d346f1-482c-46a9-afeb-8e1e3d547cea, 'O_Created'), source->(05510f5f-b11b-4679-9135-dd276c96a542, 'A_Create Application') ]",['source:1'],['sink:1'],8.0
IMbi_ali,C:/Users/Marko/Desktop/IMbi_Data/analysing/lp_2017_f,,0,0,0.3,0,False,,0.94,,,0.81,"places: [ p_10, p_11, p_15, p_16, p_18, p_19, p_20, p_21, p_3, p_4, p_7, p_8, p_9, sink, source ]
transitions: [ (07c9150f-45fb-473c-977a-e4f148ddf23c, 'A_Incomplete'), (4117685b-6e97-40f4-98ab-3d8b223dd44f, 'A_Validating'), (4acaacf3-aa40-49cf-8832-f9aa11e5e0ed, 'O_Returned'), (57e6a0f0-59a3-4fb4-8b67-fd1bae724e64, 'A_Concept'), (67862268-6f66-4888-bbc2-c3f57eb5a317, 'A_Create Application'), (74529783-303f-4136-b8ea-7069af4a4fa7, 'O_Sent (mail and online)'), (7b6f15ba-5a1e-4091-a9a8-9485b874d74a, 'O_Create Offer'), (8bffd3db-5d07-4f49-b909-2a789bf61fb3, 'A_Complete'), (9b56f8d1-06a2-479d-9ff0-c2a9115cdddc, 'O_Created'), (a501596a-6430-4341-b8dc-c87818d1f5d8, 'A_Accepted'), (skip_3, None), (skip_4, None), (skip_9, None), (tauJoin_6, None) ]
arcs: [ (07c9150f-45fb-473c-977a-e4f148ddf23c, 'A_Incomplete')->p_21, (4117685b-6e97-40f4-98ab-3d8b223dd44f, 'A_Validating')->p_16, (4acaacf3-aa40-49cf-8832-f9aa11e5e0ed, 'O_Returned')->p_19, (57e6a0f0-59a3-4fb4-8b67-fd1bae724e64, 'A_Concept')->p_4, (67862268-6f66-4888-bbc2-c3f57eb5a317, 'A_Create Application')->p_3, (74529783-303f-4136-b8ea-7069af4a4fa7, 'O_Sent (mail and online)')->p_11, (7b6f15ba-5a1e-4091-a9a8-9485b874d74a, 'O_Create Offer')->p_9, (8bffd3db-5d07-4f49-b909-2a789bf61fb3, 'A_Complete')->p_8, (9b56f8d1-06a2-479d-9ff0-c2a9115cdddc, 'O_Created')->p_10, (a501596a-6430-4341-b8dc-c87818d1f5d8, 'A_Accepted')->p_7, (skip_3, None)->p_7, (skip_4, None)->p_15, (skip_4, None)->p_18, (skip_4, None)->p_20, (skip_9, None)->p_15, (tauJoin_6, None)->sink, p_10->(74529783-303f-4136-b8ea-7069af4a4fa7, 'O_Sent (mail and online)'), p_11->(8bffd3db-5d07-4f49-b909-2a789bf61fb3, 'A_Complete'), p_15->(4117685b-6e97-40f4-98ab-3d8b223dd44f, 'A_Validating'), p_16->(skip_9, None), p_16->(tauJoin_6, None), p_18->(4acaacf3-aa40-49cf-8832-f9aa11e5e0ed, 'O_Returned'), p_19->(tauJoin_6, None), p_20->(07c9150f-45fb-473c-977a-e4f148ddf23c, 'A_Incomplete'), p_21->(tauJoin_6, None), p_3->(57e6a0f0-59a3-4fb4-8b67-fd1bae724e64, 'A_Concept'), p_4->(a501596a-6430-4341-b8dc-c87818d1f5d8, 'A_Accepted'), p_7->(7b6f15ba-5a1e-4091-a9a8-9485b874d74a, 'O_Create Offer'), p_8->(skip_3, None), p_8->(skip_4, None), p_9->(9b56f8d1-06a2-479d-9ff0-c2a9115cdddc, 'O_Created'), source->(67862268-6f66-4888-bbc2-c3f57eb5a317, 'A_Create Application') ]",['source:1'],['sink:1'],9.0
IMbi_ali,C:/Users/Marko/Desktop/IMbi_Data/analysing/lp_2017_f,,0,0,0.3,0,True,,0.93,,,0.82,"places: [ p_12, p_13, p_14, p_15, p_18, p_19, p_21, p_22, p_23, p_24, p_4, p_5, p_7, p_8, p_9, sink, source ]
transitions: [ (01efb2ed-d4d4-4e35-b70d-b1884d0668e6, 'O_Created'), (13a094a4-aed4-45e4-9ff8-1ba456885cec, 'A_Create Application'), (1d20374b-9571-45d7-9eee-441ef1d38918, 'A_Validating'), (208f279e-b70f-4854-95a6-ef66ec2e135a, 'O_Sent (mail and online)'), (4b1b7925-6897-4cee-b93c-1d960421103d, 'A_Accepted'), (4dd4b3f4-e41a-49ae-b2c9-e685b1341956, 'A_Concept'), (63344ddd-168e-4349-ad65-451499095aa1, 'O_Returned'), (80abb47b-a7e5-4860-993c-d3f712e0fd52, 'A_Complete'), (81b62878-a2f0-4233-880d-1747460c0b71, 'A_Incomplete'), (af6be2a9-cdb0-4f24-9eac-5310edcec18c, 'O_Create Offer'), (skip_10, None), (skip_12, None), (skip_13, None), (tauJoin_5, None), (tauJoin_7, None) ]
arcs: [ (01efb2ed-d4d4-4e35-b70d-b1884d0668e6, 'O_Created')->p_12, (01efb2ed-d4d4-4e35-b70d-b1884d0668e6, 'O_Created')->p_14, (13a094a4-aed4-45e4-9ff8-1ba456885cec, 'A_Create Application')->p_4, (1d20374b-9571-45d7-9eee-441ef1d38918, 'A_Validating')->p_19, (208f279e-b70f-4854-95a6-ef66ec2e135a, 'O_Sent (mail and online)')->p_15, (4b1b7925-6897-4cee-b93c-1d960421103d, 'A_Accepted')->p_7, (4dd4b3f4-e41a-49ae-b2c9-e685b1341956, 'A_Concept')->p_5, (63344ddd-168e-4349-ad65-451499095aa1, 'O_Returned')->p_22, (80abb47b-a7e5-4860-993c-d3f712e0fd52, 'A_Complete')->p_13, (81b62878-a2f0-4233-880d-1747460c0b71, 'A_Incomplete')->p_24, (af6be2a9-cdb0-4f24-9eac-5310edcec18c, 'O_Create Offer')->p_9, (skip_10, None)->p_18, (skip_12, None)->p_7, (skip_13, None)->sink, (tauJoin_5, None)->p_18, (tauJoin_5, None)->p_21, (tauJoin_5, None)->p_23, (tauJoin_7, None)->p_8, p_12->(80abb47b-a7e5-4860-993c-d3f712e0fd52, 'A_Complete'), p_13->(tauJoin_5, None), p_14->(208f279e-b70f-4854-95a6-ef66ec2e135a, 'O_Sent (mail and online)'), p_15->(tauJoin_5, None), p_18->(1d20374b-9571-45d7-9eee-441ef1d38918, 'A_Validating'), p_19->(skip_10, None), p_19->(tauJoin_7, None), p_21->(63344ddd-168e-4349-ad65-451499095aa1, 'O_Returned'), p_22->(tauJoin_7, None), p_23->(81b62878-a2f0-4233-880d-1747460c0b71, 'A_Incomplete'), p_24->(tauJoin_7, None), p_4->(4dd4b3f4-e41a-49ae-b2c9-e685b1341956, 'A_Concept'), p_5->(4b1b7925-6897-4cee-b93c-1d960421103d, 'A_Accepted'), p_7->(af6be2a9-cdb0-4f24-9eac-5310edcec18c, 'O_Create Offer'), p_8->(skip_12, None), p_8->(skip_13, None), p_9->(01efb2ed-d4d4-4e35-b70d-b1884d0668e6, 'O_Created'), source->(13a094a4-aed4-45e4-9ff8-1ba456885cec, 'A_Create Application') ]",['source:1'],['sink:1'],9.0
IMbi_ali,C:/Users/Marko/Desktop/IMbi_Data/analysing/lp_2017_f,,0,0,0.4,0,False,,0.89,,,0.79,"places: [ p_10, p_13, p_14, p_15, p_16, p_17, p_18, p_3, p_4, p_7, p_8, p_9, sink, source ]
transitions: [ (0ab87962-b4e9-4920-bac9-2570586c7d29, 'A_Complete'), (0efeb5c6-a9b0-416e-ab7e-475d3454446b, 'A_Accepted'), (398e46a4-40cf-4141-b1d8-8e480149d0e6, 'O_Created'), (823a3381-32af-427f-93d1-facffc28cd76, 'O_Returned'), (9f1653c3-a2c6-47f4-8403-5e95c868a852, 'O_Create Offer'), (a28234df-5407-490f-a174-4c33e598b52e, 'A_Validating'), (ba437c0e-8695-4422-9d88-588e7e07a427, 'A_Create Application'), (bd1b63f3-c917-42b2-95b0-fb31bd2ecfaa, 'A_Incomplete'), (eb8104c0-d0b9-45ec-b1d2-a8cd1e83620e, 'O_Sent (mail and online)'), (ff9eaa8a-3100-4949-9efe-ae2e0da6ff9a, 'A_Concept'), (skip_3, None), (tauJoin_6, None) ]
arcs: [ (0ab87962-b4e9-4920-bac9-2570586c7d29, 'A_Complete')->p_13, (0ab87962-b4e9-4920-bac9-2570586c7d29, 'A_Complete')->p_15, (0ab87962-b4e9-4920-bac9-2570586c7d29, 'A_Complete')->p_17, (0efeb5c6-a9b0-416e-ab7e-475d3454446b, 'A_Accepted')->p_7, (398e46a4-40cf-4141-b1d8-8e480149d0e6, 'O_Created')->p_10, (823a3381-32af-427f-93d1-facffc28cd76, 'O_Returned')->p_16, (9f1653c3-a2c6-47f4-8403-5e95c868a852, 'O_Create Offer')->p_9, (a28234df-5407-490f-a174-4c33e598b52e, 'A_Validating')->p_14, (ba437c0e-8695-4422-9d88-588e7e07a427, 'A_Create Application')->p_3, (bd1b63f3-c917-42b2-95b0-fb31bd2ecfaa, 'A_Incomplete')->p_18, (eb8104c0-d0b9-45ec-b1d2-a8cd1e83620e, 'O_Sent (mail and online)')->p_8, (ff9eaa8a-3100-4949-9efe-ae2e0da6ff9a, 'A_Concept')->p_4, (skip_3, None)->p_7, (tauJoin_6, None)->sink, p_10->(eb8104c0-d0b9-45ec-b1d2-a8cd1e83620e, 'O_Sent (mail and online)'), p_13->(a28234df-5407-490f-a174-4c33e598b52e, 'A_Validating'), p_14->(tauJoin_6, None), p_15->(823a3381-32af-427f-93d1-facffc28cd76, 'O_Returned'), p_16->(tauJoin_6, None), p_17->(bd1b63f3-c917-42b2-95b0-fb31bd2ecfaa, 'A_Incomplete'), p_18->(tauJoin_6, None), p_3->(ff9eaa8a-3100-4949-9efe-ae2e0da6ff9a, 'A_Concept'), p_4->(0efeb5c6-a9b0-416e-ab7e-475d3454446b, 'A_Accepted'), p_7->(9f1653c3-a2c6-47f4-8403-5e95c868a852, 'O_Create Offer'), p_8->(0ab87962-b4e9-4920-bac9-2570586c7d29, 'A_Complete'), p_8->(skip_3, None), p_9->(398e46a4-40cf-4141-b1d8-8e480149d0e6, 'O_Created'), source->(ba437c0e-8695-4422-9d88-588e7e07a427, 'A_Create Application') ]",['source:1'],['sink:1'],10.0
IMbi_ali,C:/Users/Marko/Desktop/IMbi_Data/analysing/lp_2017_f,,0,0,0.4,0,True,,0.89,,,0.86,"places: [ p_12, p_13, p_14, p_15, p_16, p_17, p_18, p_19, p_20, p_21, p_4, p_5, p_7, p_8, p_9, sink, source ]
transitions: [ (096caa61-97c2-462d-85d9-b20532744469, 'A_Complete'), (2d2a1651-5c27-4014-85ba-88172113f600, 'O_Returned'), (36e009bb-7b9b-48f8-ad15-c2acd00cb01e, 'O_Sent (mail and online)'), (382a41fa-b04f-45e6-95b4-a802a5f001fd, 'O_Created'), (4cb88077-93f8-4052-bf78-f5ad1dbb6e97, 'A_Create Application'), (8d532898-af64-43a5-8941-2a1b49f76cb5, 'O_Create Offer'), (a1a8ef4d-6d84-49c9-89d3-51828588296f, 'A_Concept'), (ab3e6297-6544-4f3f-bb29-269ee5c899d2, 'A_Accepted'), (bfd3cf02-7a32-4027-a462-cbcc9f5bf34c, 'A_Validating'), (c5873588-7de7-4b29-b30c-b43e1efa78c5, 'A_Incomplete'), (skip_8, None), (skip_9, None), (tauJoin_5, None), (tauJoin_7, None) ]
arcs: [ (096caa61-97c2-462d-85d9-b20532744469, 'A_Complete')->p_13, (2d2a1651-5c27-4014-85ba-88172113f600, 'O_Returned')->p_19, (36e009bb-7b9b-48f8-ad15-c2acd00cb01e, 'O_Sent (mail and online)')->p_15, (382a41fa-b04f-45e6-95b4-a802a5f001fd, 'O_Created')->p_12, (382a41fa-b04f-45e6-95b4-a802a5f001fd, 'O_Created')->p_14, (4cb88077-93f8-4052-bf78-f5ad1dbb6e97, 'A_Create Application')->p_4, (8d532898-af64-43a5-8941-2a1b49f76cb5, 'O_Create Offer')->p_9, (a1a8ef4d-6d84-49c9-89d3-51828588296f, 'A_Concept')->p_5, (ab3e6297-6544-4f3f-bb29-269ee5c899d2, 'A_Accepted')->p_7, (bfd3cf02-7a32-4027-a462-cbcc9f5bf34c, 'A_Validating')->p_17, (c5873588-7de7-4b29-b30c-b43e1efa78c5, 'A_Incomplete')->p_21, (skip_8, None)->p_7, (skip_9, None)->sink, (tauJoin_5, None)->p_16, (tauJoin_5, None)->p_18, (tauJoin_5, None)->p_20, (tauJoin_7, None)->p_8, p_12->(096caa61-97c2-462d-85d9-b20532744469, 'A_Complete'), p_13->(tauJoin_5, None), p_14->(36e009bb-7b9b-48f8-ad15-c2acd00cb01e, 'O_Sent (mail and online)'), p_15->(tauJoin_5, None), p_16->(bfd3cf02-7a32-4027-a462-cbcc9f5bf34c, 'A_Validating'), p_17->(tauJoin_7, None), p_18->(2d2a1651-5c27-4014-85ba-88172113f600, 'O_Returned'), p_19->(tauJoin_7, None), p_20->(c5873588-7de7-4b29-b30c-b43e1efa78c5, 'A_Incomplete'), p_21->(tauJoin_7, None), p_4->(a1a8ef4d-6d84-49c9-89d3-51828588296f, 'A_Concept'), p_5->(ab3e6297-6544-4f3f-bb29-269ee5c899d2, 'A_Accepted'), p_7->(8d532898-af64-43a5-8941-2a1b49f76cb5, 'O_Create Offer'), p_8->(skip_8, None), p_8->(skip_9, None), p_9->(382a41fa-b04f-45e6-95b4-a802a5f001fd, 'O_Created'), source->(4cb88077-93f8-4052-bf78-f5ad1dbb6e97, 'A_Create Application') ]",['source:1'],['sink:1'],10.0
IMbi_ali,C:/Users/Marko/Desktop/IMbi_Data/analysing/lp_2017_f,,0,0,0.5,0,False,,0.89,,,0.86,"places: [ p_11, p_13, p_14, p_15, p_16, p_17, p_18, p_3, p_4, p_7, p_8, p_9, sink, source ]
transitions: [ (006635d0-859a-4ead-bd91-66c4441afd44, 'A_Complete'), (01131281-32d6-4c52-8798-01334c8b0136, 'O_Create Offer'), (0ce1de41-7c00-4030-ba93-020c27167007, 'A_Incomplete'), (533295ca-cfd7-477b-830f-617ee52a13ad, 'A_Concept'), (69de562c-3bcc-449e-b190-1402a9b621c0, 'O_Returned'), (8ef94be6-5b58-4c40-aad2-8f6472199966, 'O_Created'), (a6927d9e-5407-44a2-a937-67f449bc3e1b, 'A_Validating'), (ceffbde6-625d-4c85-ae1f-c6e1c5bf8b64, 'O_Sent (mail and online)'), (dd8f9f14-c9bd-4028-ac00-0cbc59b4737c, 'A_Accepted'), (ebd97ee5-9c35-45ca-b1e8-e4d344f734ac, 'A_Create Application'), (skip_3, None), (tauJoin_6, None) ]
arcs: [ (006635d0-859a-4ead-bd91-66c4441afd44, 'A_Complete')->p_13, (006635d0-859a-4ead-bd91-66c4441afd44, 'A_Complete')->p_15, (006635d0-859a-4ead-bd91-66c4441afd44, 'A_Complete')->p_17, (01131281-32d6-4c52-8798-01334c8b0136, 'O_Create Offer')->p_9, (0ce1de41-7c00-4030-ba93-020c27167007, 'A_Incomplete')->p_18, (533295ca-cfd7-477b-830f-617ee52a13ad, 'A_Concept')->p_4, (69de562c-3bcc-449e-b190-1402a9b621c0, 'O_Returned')->p_16, (8ef94be6-5b58-4c40-aad2-8f6472199966, 'O_Created')->p_8, (a6927d9e-5407-44a2-a937-67f449bc3e1b, 'A_Validating')->p_14, (ceffbde6-625d-4c85-ae1f-c6e1c5bf8b64, 'O_Sent (mail and online)')->p_11, (dd8f9f14-c9bd-4028-ac00-0cbc59b4737c, 'A_Accepted')->p_7, (ebd97ee5-9c35-45ca-b1e8-e4d344f734ac, 'A_Create Application')->p_3, (skip_3, None)->p_7, (tauJoin_6, None)->sink, p_11->(006635d0-859a-4ead-bd91-66c4441afd44, 'A_Complete'), p_13->(a6927d9e-5407-44a2-a937-67f449bc3e1b, 'A_Validating'), p_14->(tauJoin_6, None), p_15->(69de562c-3bcc-449e-b190-1402a9b621c0, 'O_Returned'), p_16->(tauJoin_6, None), p_17->(0ce1de41-7c00-4030-ba93-020c27167007, 'A_Incomplete'), p_18->(tauJoin_6, None), p_3->(533295ca-cfd7-477b-830f-617ee52a13ad, 'A_Concept'), p_4->(dd8f9f14-c9bd-4028-ac00-0cbc59b4737c, 'A_Accepted'), p_7->(01131281-32d6-4c52-8798-01334c8b0136, 'O_Create Offer'), p_8->(ceffbde6-625d-4c85-ae1f-c6e1c5bf8b64, 'O_Sent (mail and online)'), p_8->(skip_3, None), p_9->(8ef94be6-5b58-4c40-aad2-8f6472199966, 'O_Created'), source->(ebd97ee5-9c35-45ca-b1e8-e4d344f734ac, 'A_Create Application') ]",['source:1'],['sink:1'],11.0
IMbi_ali,C:/Users/Marko/Desktop/IMbi_Data/analysing/lp_2017_f,,0,0,0.5,0,True,,0.88,,,0.78,"places: [ p_10, p_11, p_13, p_14, p_15, p_16, p_17, p_18, p_3, p_4, p_7, p_8, p_9, sink, source ]
transitions: [ (004b2f84-6582-44c6-9594-8b7fd63a4bf4, 'A_Concept'), (1357bd8b-d545-40c6-80f7-dda1689055ef, 'O_Created'), (4371d8e4-e552-4699-acf5-8c7787646b17, 'A_Create Application'), (628eb5a5-938c-42d7-aba4-2eeb4a5dcf81, 'O_Returned'), (74562076-d204-4530-ac75-86211d29b290, 'O_Sent (mail and online)'), (84e3d57e-c148-41d8-bf95-64476a8cc0b3, 'O_Create Offer'), (b3328437-e80a-4c6e-8c74-5406a1e91c66, 'A_Accepted'), (c7e4053e-4237-42b5-9534-addcf4701f13, 'A_Complete'), (f01d7da5-584b-45b9-8553-1228cd43a306, 'A_Incomplete'), (f1869d33-d699-4a1d-b572-45ecc0e4e1ad, 'A_Validating'), (tauJoin_4, None) ]
arcs: [ (004b2f84-6582-44c6-9594-8b7fd63a4bf4, 'A_Concept')->p_4, (1357bd8b-d545-40c6-80f7-dda1689055ef, 'O_Created')->p_8, (4371d8e4-e552-4699-acf5-8c7787646b17, 'A_Create Application')->p_3, (628eb5a5-938c-42d7-aba4-2eeb4a5dcf81, 'O_Returned')->p_16, (74562076-d204-4530-ac75-86211d29b290, 'O_Sent (mail and online)')->p_11, (84e3d57e-c148-41d8-bf95-64476a8cc0b3, 'O_Create Offer')->p_10, (b3328437-e80a-4c6e-8c74-5406a1e91c66, 'A_Accepted')->p_7, (b3328437-e80a-4c6e-8c74-5406a1e91c66, 'A_Accepted')->p_9, (c7e4053e-4237-42b5-9534-addcf4701f13, 'A_Complete')->p_13, (c7e4053e-4237-42b5-9534-addcf4701f13, 'A_Complete')->p_15, (c7e4053e-4237-42b5-9534-addcf4701f13, 'A_Complete')->p_17, (f01d7da5-584b-45b9-8553-1228cd43a306, 'A_Incomplete')->p_18, (f1869d33-d699-4a1d-b572-45ecc0e4e1ad, 'A_Validating')->p_14, (tauJoin_4, None)->sink, p_10->(74562076-d204-4530-ac75-86211d29b290, 'O_Sent (mail and online)'), p_11->(c7e4053e-4237-42b5-9534-addcf4701f13, 'A_Complete'), p_13->(f1869d33-d699-4a1d-b572-45ecc0e4e1ad, 'A_Validating'), p_14->(tauJoin_4, None), p_15->(628eb5a5-938c-42d7-aba4-2eeb4a5dcf81, 'O_Returned'), p_16->(tauJoin_4, None), p_17->(f01d7da5-584b-45b9-8553-1228cd43a306, 'A_Incomplete'), p_18->(tauJoin_4, None), p_3->(004b2f84-6582-44c6-9594-8b7fd63a4bf4, 'A_Concept'), p_4->(b3328437-e80a-4c6e-8c74-5406a1e91c66, 'A_Accepted'), p_7->(1357bd8b-d545-40c6-80f7-dda1689055ef, 'O_Created'), p_8->(74562076-d204-4530-ac75-86211d29b290, 'O_Sent (mail and online)'), p_9->(84e3d57e-c148-41d8-bf95-64476a8cc0b3, 'O_Create Offer'), source->(4371d8e4-e552-4699-acf5-8c7787646b17, 'A_Create Application') ]",['source:1'],['sink:1'],11.0
IMbi_ali,C:/Users/Marko/Desktop/IMbi_Data/analysing/lp_2017_f,,0,0,0.6,0,False,,0.89,,,0.86,"places: [ p_11, p_13, p_14, p_15, p_16, p_17, p_18, p_3, p_4, p_7, p_8, p_9, sink, source ]
transitions: [ (2b22d0d1-2576-46e1-bb45-4aa9e39458ef, 'A_Concept'), (344ee116-b164-4a75-a2b8-13f24c992f22, 'O_Created'), (420510a5-1aca-433f-9eac-93d9eaf939a2, 'A_Complete'), (8e927ed3-cf03-4172-8ef4-2c97eacdc47d, 'A_Accepted'), (8ffc4ad7-aae0-44b5-a9d5-247bf3f7fdc3, 'A_Create Application'), (9531162d-a846-471e-99a7-3a407070b757, 'O_Returned'), (b5ba7d79-b6af-4a72-9cd7-476246040ff3, 'O_Create Offer'), (d2ce8488-7e95-451d-8efd-1f3d69eb96aa, 'A_Incomplete'), (f0feb0c1-fc6e-4bb4-a2de-d36c25dc40c8, 'O_Sent (mail and online)'), (f3946227-8e71-4bc0-b55d-c92ec7b64535, 'A_Validating'), (skip_3, None), (tauJoin_6, None) ]
arcs: [ (2b22d0d1-2576-46e1-bb45-4aa9e39458ef, 'A_Concept')->p_4, (344ee116-b164-4a75-a2b8-13f24c992f22, 'O_Created')->p_8, (420510a5-1aca-433f-9eac-93d9eaf939a2, 'A_Complete')->p_13, (420510a5-1aca-433f-9eac-93d9eaf939a2, 'A_Complete')->p_15, (420510a5-1aca-433f-9eac-93d9eaf939a2, 'A_Complete')->p_17, (8e927ed3-cf03-4172-8ef4-2c97eacdc47d, 'A_Accepted')->p_7, (8ffc4ad7-aae0-44b5-a9d5-247bf3f7fdc3, 'A_Create Application')->p_3, (9531162d-a846-471e-99a7-3a407070b757, 'O_Returned')->p_16, (b5ba7d79-b6af-4a72-9cd7-476246040ff3, 'O_Create Offer')->p_9, (d2ce8488-7e95-451d-8efd-1f3d69eb96aa, 'A_Incomplete')->p_18, (f0feb0c1-fc6e-4bb4-a2de-d36c25dc40c8, 'O_Sent (mail and online)')->p_11, (f3946227-8e71-4bc0-b55d-c92ec7b64535, 'A_Validating')->p_14, (skip_3, None)->p_7, (tauJoin_6, None)->sink, p_11->(420510a5-1aca-433f-9eac-93d9eaf939a2, 'A_Complete'), p_13->(f3946227-8e71-4bc0-b55d-c92ec7b64535, 'A_Validating'), p_14->(tauJoin_6, None), p_15->(9531162d-a846-471e-99a7-3a407070b757, 'O_Returned'), p_16->(tauJoin_6, None), p_17->(d2ce8488-7e95-451d-8efd-1f3d69eb96aa, 'A_Incomplete'), p_18->(tauJoin_6, None), p_3->(2b22d0d1-2576-46e1-bb45-4aa9e39458ef, 'A_Concept'), p_4->(8e927ed3-cf03-4172-8ef4-2c97eacdc47d, 'A_Accepted'), p_7->(b5ba7d79-b6af-4a72-9cd7-476246040ff3, 'O_Create Offer'), p_8->(f0feb0c1-fc6e-4bb4-a2de-d36c25dc40c8, 'O_Sent (mail and online)'), p_8->(skip_3, None), p_9->(344ee116-b164-4a75-a2b8-13f24c992f22, 'O_Created'), source->(8ffc4ad7-aae0-44b5-a9d5-247bf3f7fdc3, 'A_Create Application') ]",['source:1'],['sink:1'],12.0
IMbi_ali,C:/Users/Marko/Desktop/IMbi_Data/analysing/lp_2017_f,,0,0,0.6,0,True,,0.88,,,0.78,"places: [ p_10, p_11, p_13, p_14, p_15, p_16, p_17, p_18, p_3, p_4, p_7, p_8, p_9, sink, source ]
transitions: [ (0ffd5d00-a4ed-4ac5-98ea-bda73abd3ec4, 'A_Complete'), (20327900-ffb4-432d-98c2-4fc29c3c46ca, 'O_Create Offer'), (28d38ee4-a44f-4fdb-975f-ead4c334e54e, 'A_Concept'), (32e5f743-72d8-4d60-a0ca-1f355cc08455, 'O_Created'), (354f0247-cde9-41a2-a1d0-c3e07bdf1672, 'O_Sent (mail and online)'), (3e782d09-22cb-4cea-b9c3-befc4b1fe03d, 'A_Incomplete'), (4f527062-0e5c-4d61-88d5-789da9e605e1, 'A_Create Application'), (51aa840d-4d32-46d6-a579-392ba2b898ed, 'A_Accepted'), (b8564f62-596a-4c57-83f8-e802918efe5b, 'A_Validating'), (c8590815-0871-40ff-8ec2-b09ac6d6f7a6, 'O_Returned'), (tauJoin_4, None) ]
arcs: [ (0ffd5d00-a4ed-4ac5-98ea-bda73abd3ec4, 'A_Complete')->p_13, (0ffd5d00-a4ed-4ac5-98ea-bda73abd3ec4, 'A_Complete')->p_15, (0ffd5d00-a4ed-4ac5-98ea-bda73abd3ec4, 'A_Complete')->p_17, (20327900-ffb4-432d-98c2-4fc29c3c46ca, 'O_Create Offer')->p_10, (28d38ee4-a44f-4fdb-975f-ead4c334e54e, 'A_Concept')->p_4, (32e5f743-72d8-4d60-a0ca-1f355cc08455, 'O_Created')->p_8, (354f0247-cde9-41a2-a1d0-c3e07bdf1672, 'O_Sent (mail and online)')->p_11, (3e782d09-22cb-4cea-b9c3-befc4b1fe03d, 'A_Incomplete')->p_18, (4f527062-0e5c-4d61-88d5-789da9e605e1, 'A_Create Application')->p_3, (51aa840d-4d32-46d6-a579-392ba2b898ed, 'A_Accepted')->p_7, (51aa840d-4d32-46d6-a579-392ba2b898ed, 'A_Accepted')->p_9, (b8564f62-596a-4c57-83f8-e802918efe5b, 'A_Validating')->p_14, (c8590815-0871-40ff-8ec2-b09ac6d6f7a6, 'O_Returned')->p_16, (tauJoin_4, None)->sink, p_10->(354f0247-cde9-41a2-a1d0-c3e07bdf1672, 'O_Sent (mail and online)'), p_11->(0ffd5d00-a4ed-4ac5-98ea-bda73abd3ec4, 'A_Complete'), p_13->(b8564f62-596a-4c57-83f8-e802918efe5b, 'A_Validating'), p_14->(tauJoin_4, None), p_15->(c8590815-0871-40ff-8ec2-b09ac6d6f7a6, 'O_Returned'), p_16->(tauJoin_4, None), p_17->(3e782d09-22cb-4cea-b9c3-befc4b1fe03d, 'A_Incomplete'), p_18->(tauJoin_4, None), p_3->(28d38ee4-a44f-4fdb-975f-ead4c334e54e, 'A_Concept'), p_4->(51aa840d-4d32-46d6-a579-392ba2b898ed, 'A_Accepted'), p_7->(32e5f743-72d8-4d60-a0ca-1f355cc08455, 'O_Created'), p_8->(354f0247-cde9-41a2-a1d0-c3e07bdf1672, 'O_Sent (mail and online)'), p_9->(20327900-ffb4-432d-98c2-4fc29c3c46ca, 'O_Create Offer'), source->(4f527062-0e5c-4d61-88d5-789da9e605e1, 'A_Create Application') ]",['source:1'],['sink:1'],12.0
IMbi_ali,C:/Users/Marko/Desktop/IMbi_Data/analysing/lp_2018_f,,0,0,0,0,False,,0.99,,,0.66,"places: [ p_10, p_11, p_12, p_13, p_14, p_15, p_17, p_18, p_21, p_22, p_26, p_27, p_28, p_29, p_3, p_33, p_34, p_4, p_7, p_8, sink, source ]
transitions: [ (2c66be45-d478-43e3-afe1-020e9f19ac5e, 'finish editing'), (4e42425d-6a54-4ddd-9c7b-a90a25e4e4e0, 'insert document'), (59175a28-535e-499a-8263-6f71e0414c07, 'decide'), (6e78d836-7f65-4321-ac19-c5b9e3663917, 'mail valid'), (94ac75fe-6c44-499c-9fa7-ed277fb19a5c, 'initialize'), (9db4f3d3-824b-4c54-9b32-78fb602c6ecf, 'mail income'), (9ef33bce-b2d6-4ce3-88a1-0f8c3eb516d6, 'begin payment'), (bf32b94c-7c0e-4ad2-84bc-668c7719ce86, 'finish payment'), (c4d1f183-aa25-4f3a-8fc5-833ab69d0f74, 'begin editing'), (f61bba12-219f-4d4b-bb66-00498d9c75c3, 'calculate'), (init_loop_10, None), (init_loop_25, None), (init_loop_3, None), (init_loop_6, None), (skip_12, None), (skip_13, None), (skip_14, None), (skip_15, None), (skip_18, None), (skip_19, None), (skip_20, None), (skip_21, None), (skip_24, None), (skip_27, None), (skip_28, None), (skip_31, None), (skip_5, None), (skip_8, None), (skip_9, None) ]
arcs: [ (2c66be45-d478-43e3-afe1-020e9f19ac5e, 'finish editing')->p_18, (4e42425d-6a54-4ddd-9c7b-a90a25e4e4e0, 'insert document')->p_29, (59175a28-535e-499a-8263-6f71e0414c07, 'decide')->p_22, (6e78d836-7f65-4321-ac19-c5b9e3663917, 'mail valid')->p_4, (94ac75fe-6c44-499c-9fa7-ed277fb19a5c, 'initialize')->p_7, (9db4f3d3-824b-4c54-9b32-78fb602c6ecf, 'mail income')->p_3, (9ef33bce-b2d6-4ce3-88a1-0f8c3eb516d6, 'begin payment')->p_34, (bf32b94c-7c0e-4ad2-84bc-668c7719ce86, 'finish payment')->sink, (c4d1f183-aa25-4f3a-8fc5-833ab69d0f74, 'begin editing')->p_12, (f61bba12-219f-4d4b-bb66-00498d9c75c3, 'calculate')->p_15, (init_loop_10, None)->p_17, (init_loop_25, None)->p_28, (init_loop_3, None)->p_10, (init_loop_6, None)->p_14, (skip_12, None)->p_17, (skip_13, None)->p_11, (skip_14, None)->p_10, (skip_15, None)->p_21, (skip_18, None)->p_21, (skip_19, None)->p_8, (skip_20, None)->p_7, (skip_21, None)->p_26, (skip_21, None)->p_33, (skip_24, None)->p_27, (skip_27, None)->p_28, (skip_28, None)->p_27, (skip_31, None)->p_33, (skip_5, None)->p_13, (skip_8, None)->p_14, (skip_9, None)->p_13, p_10->(c4d1f183-aa25-4f3a-8fc5-833ab69d0f74, 'begin editing'), p_11->(skip_14, None), p_11->(skip_15, None), p_12->(init_loop_6, None), p_12->(skip_5, None), p_13->(init_loop_10, None), p_14->(f61bba12-219f-4d4b-bb66-00498d9c75c3, 'calculate'), p_15->(skip_8, None), p_15->(skip_9, None), p_17->(2c66be45-d478-43e3-afe1-020e9f19ac5e, 'finish editing'), p_18->(skip_12, None), p_18->(skip_13, None), p_21->(59175a28-535e-499a-8263-6f71e0414c07, 'decide'), p_22->(skip_18, None), p_22->(skip_19, None), p_26->(init_loop_25, None), p_26->(skip_24, None), p_27->(bf32b94c-7c0e-4ad2-84bc-668c7719ce86, 'finish payment'), p_28->(4e42425d-6a54-4ddd-9c7b-a90a25e4e4e0, 'insert document'), p_29->(skip_27, None), p_29->(skip_28, None), p_3->(6e78d836-7f65-4321-ac19-c5b9e3663917, 'mail valid'), p_33->(9ef33bce-b2d6-4ce3-88a1-0f8c3eb516d6, 'begin payment'), p_34->(bf32b94c-7c0e-4ad2-84bc-668c7719ce86, 'finish payment'), p_34->(skip_31, None), p_4->(94ac75fe-6c44-499c-9fa7-ed277fb19a5c, 'initialize'), p_7->(init_loop_3, None), p_8->(skip_20, None), p_8->(skip_21, None), source->(9db4f3d3-824b-4c54-9b32-78fb602c6ecf, 'mail income') ]",['source:1'],['sink:1'],13.0
IMbi_ali,C:/Users/Marko/Desktop/IMbi_Data/analysing/lp_2018_f,,0,0,0,0,True,,1.0,,,0.33,"places: [ p_10, p_14, p_15, p_22, p_23, p_27, p_28, p_3, p_32, p_33, p_35, p_36, p_4, p_7, p_8, p_9, sink, source ]
transitions: [ (06e33c6a-bc15-4fea-baec-e8790bb04758, 'insert document'), (0fbeeabc-9606-44fb-9c03-726dbd24e9c4, 'decide'), (4a330c48-c4d7-463f-9c65-5bd5545705c1, 'mail income'), (57e3936f-f5c9-4502-a82a-1c99d4bf550e, 'mail valid'), (6e3aa816-1141-4aff-8d4f-0f9597870747, 'calculate'), (77989c65-d277-46b6-ba62-c6dc2067ac0b, 'finish editing'), (b8b0b0f9-c821-4c67-aae7-19e3e5f47658, 'finish payment'), (e0801248-8ad6-40f6-a827-abd8c9444f37, 'begin editing'), (e819be93-0f1c-4398-a688-44b8917391ce, 'initialize'), (fa0a6429-7307-45d6-8260-353059db7f2f, 'begin payment'), (init_loop_4, None), (skip_10, None), (skip_16, None), (skip_20, None), (skip_24, None), (skip_28, None), (skip_3, None), (skip_6, None), (skip_7, None), (tauJoin_13, None) ]
arcs: [ (06e33c6a-bc15-4fea-baec-e8790bb04758, 'insert document')->p_10, (0fbeeabc-9606-44fb-9c03-726dbd24e9c4, 'decide')->p_23, (4a330c48-c4d7-463f-9c65-5bd5545705c1, 'mail income')->p_3, (57e3936f-f5c9-4502-a82a-1c99d4bf550e, 'mail valid')->p_4, (6e3aa816-1141-4aff-8d4f-0f9597870747, 'calculate')->p_28, (77989c65-d277-46b6-ba62-c6dc2067ac0b, 'finish editing')->p_15, (b8b0b0f9-c821-4c67-aae7-19e3e5f47658, 'finish payment')->sink, (e0801248-8ad6-40f6-a827-abd8c9444f37, 'begin editing')->p_33, (e819be93-0f1c-4398-a688-44b8917391ce, 'initialize')->p_14, (e819be93-0f1c-4398-a688-44b8917391ce, 'initialize')->p_22, (e819be93-0f1c-4398-a688-44b8917391ce, 'initialize')->p_27, (e819be93-0f1c-4398-a688-44b8917391ce, 'initialize')->p_32, (e819be93-0f1c-4398-a688-44b8917391ce, 'initialize')->p_7, (fa0a6429-7307-45d6-8260-353059db7f2f, 'begin payment')->p_36, (init_loop_4, None)->p_9, (skip_10, None)->p_14, (skip_16, None)->p_22, (skip_20, None)->p_27, (skip_24, None)->p_32, (skip_28, None)->p_35, (skip_3, None)->p_8, (skip_6, None)->p_9, (skip_7, None)->p_8, (tauJoin_13, None)->p_35, p_10->(skip_6, None), p_10->(skip_7, None), p_14->(77989c65-d277-46b6-ba62-c6dc2067ac0b, 'finish editing'), p_15->(b8b0b0f9-c821-4c67-aae7-19e3e5f47658, 'finish payment'), p_15->(skip_10, None), p_22->(0fbeeabc-9606-44fb-9c03-726dbd24e9c4, 'decide'), p_23->(skip_16, None), p_23->(tauJoin_13, None), p_27->(6e3aa816-1141-4aff-8d4f-0f9597870747, 'calculate'), p_28->(skip_20, None), p_28->(tauJoin_13, None), p_3->(57e3936f-f5c9-4502-a82a-1c99d4bf550e, 'mail valid'), p_32->(e0801248-8ad6-40f6-a827-abd8c9444f37, 'begin editing'), p_33->(skip_24, None), p_33->(tauJoin_13, None), p_35->(fa0a6429-7307-45d6-8260-353059db7f2f, 'begin payment'), p_36->(b8b0b0f9-c821-4c67-aae7-19e3e5f47658, 'finish payment'), p_36->(skip_28, None), p_4->(e819be93-0f1c-4398-a688-44b8917391ce, 'initialize'), p_7->(init_loop_4, None), p_7->(skip_3, None), p_8->(b8b0b0f9-c821-4c67-aae7-19e3e5f47658, 'finish payment'), p_9->(06e33c6a-bc15-4fea-baec-e8790bb04758, 'insert document'), source->(4a330c48-c4d7-463f-9c65-5bd5545705c1, 'mail income') ]",['source:1'],['sink:1'],13.0
IMbi_ali,C:/Users/Marko/Desktop/IMbi_Data/analysing/lp_2018_f,,0,0,0.2,0,False,,0.98,,,0.87,"places: [ p_10, p_11, p_14, p_15, p_22, p_23, p_25, p_26, p_3, p_4, p_7, p_8, sink, source ]
transitions: [ (1b9623e5-e995-4eb6-b8c8-13179dc3e607, 'mail valid'), (2d2be434-e2b0-4ad8-921b-9a9db6cd59de, 'mail income'), (5777e237-a9d0-4122-9280-04a347370cfe, 'insert document'), (58b7702d-f049-48a1-b079-c516482f36aa, 'finish payment'), (6f255b88-06c2-4e88-b01c-ad36c9a52b81, 'calculate'), (76156678-6958-4133-8d9b-3221608efce5, 'decide'), (97193645-5bd2-448f-9641-4c9a48a301ca, 'begin editing'), (c5e20908-c4ac-4a61-9771-c75aee2843ef, 'begin payment'), (dcfd98f5-4145-45d1-b2de-0b32fa41a041, 'finish editing'), (ea1133c1-56fe-40c1-b4bb-1551ccd1e4bc, 'initialize'), (init_loop_3, None), (skip_11, None), (skip_12, None), (skip_17, None), (skip_7, None), (skip_9, None) ]
arcs: [ (1b9623e5-e995-4eb6-b8c8-13179dc3e607, 'mail valid')->p_4, (2d2be434-e2b0-4ad8-921b-9a9db6cd59de, 'mail income')->p_3, (5777e237-a9d0-4122-9280-04a347370cfe, 'insert document')->p_23, (58b7702d-f049-48a1-b079-c516482f36aa, 'finish payment')->sink, (6f255b88-06c2-4e88-b01c-ad36c9a52b81, 'calculate')->p_15, (76156678-6958-4133-8d9b-3221608efce5, 'decide')->p_8, (97193645-5bd2-448f-9641-4c9a48a301ca, 'begin editing')->p_14, (c5e20908-c4ac-4a61-9771-c75aee2843ef, 'begin payment')->p_26, (dcfd98f5-4145-45d1-b2de-0b32fa41a041, 'finish editing')->p_11, (ea1133c1-56fe-40c1-b4bb-1551ccd1e4bc, 'initialize')->p_7, (init_loop_3, None)->p_10, (skip_11, None)->p_7, (skip_12, None)->p_22, (skip_12, None)->p_25, (skip_17, None)->p_22, (skip_7, None)->p_14, (skip_9, None)->p_10, p_10->(97193645-5bd2-448f-9641-4c9a48a301ca, 'begin editing'), p_11->(76156678-6958-4133-8d9b-3221608efce5, 'decide'), p_11->(skip_9, None), p_14->(6f255b88-06c2-4e88-b01c-ad36c9a52b81, 'calculate'), p_15->(dcfd98f5-4145-45d1-b2de-0b32fa41a041, 'finish editing'), p_15->(skip_7, None), p_22->(5777e237-a9d0-4122-9280-04a347370cfe, 'insert document'), p_23->(58b7702d-f049-48a1-b079-c516482f36aa, 'finish payment'), p_23->(skip_17, None), p_25->(c5e20908-c4ac-4a61-9771-c75aee2843ef, 'begin payment'), p_26->(58b7702d-f049-48a1-b079-c516482f36aa, 'finish payment'), p_3->(1b9623e5-e995-4eb6-b8c8-13179dc3e607, 'mail valid'), p_4->(ea1133c1-56fe-40c1-b4bb-1551ccd1e4bc, 'initialize'), p_7->(init_loop_3, None), p_8->(skip_11, None), p_8->(skip_12, None), source->(2d2be434-e2b0-4ad8-921b-9a9db6cd59de, 'mail income') ]",['source:1'],['sink:1'],14.0
IMbi_ali,C:/Users/Marko/Desktop/IMbi_Data/analysing/lp_2018_f,,0,0,0.2,0,True,,0.98,,,0.54,"places: [ p_10, p_13, p_14, p_16, p_17, p_20, p_21, p_28, p_29, p_3, p_31, p_32, p_4, p_7, p_8, p_9, sink, source ]
transitions: [ (2420e62d-f656-4481-859d-7f579efee5d4, 'finish payment'), (2e22894f-56a1-4d83-b32e-01a6abc8d953, 'calculate'), (5da07d7f-7b9a-4007-87cb-860db4140917, 'begin payment'), (6f62da08-31d8-4d70-9c1c-43efb4803861, 'begin editing'), (98bdacd4-42a6-4e43-8474-2e860754b9d8, 'decide'), (b49197ab-3b19-48e5-b921-8f442dfdf131, 'finish editing'), (cda8bbf2-dc01-45d7-9216-dd85455f827e, 'initialize'), (dceda6f9-1365-4d73-bab4-d19d4ee3dabb, 'insert document'), (ea950c22-a0d7-4df3-bd87-ff018f1a2441, 'mail valid'), (f61ecc0a-b2f4-4426-bf07-7ca9f1a67ce0, 'mail income'), (skip_11, None), (skip_13, None), (skip_15, None), (skip_16, None), (skip_21, None), (tauJoin_4, None), (tauJoin_8, None), (tauSplit_3, None) ]
arcs: [ (2420e62d-f656-4481-859d-7f579efee5d4, 'finish payment')->sink, (2e22894f-56a1-4d83-b32e-01a6abc8d953, 'calculate')->p_21, (5da07d7f-7b9a-4007-87cb-860db4140917, 'begin payment')->p_32, (6f62da08-31d8-4d70-9c1c-43efb4803861, 'begin editing')->p_16, (6f62da08-31d8-4d70-9c1c-43efb4803861, 'begin editing')->p_20, (98bdacd4-42a6-4e43-8474-2e860754b9d8, 'decide')->p_10, (b49197ab-3b19-48e5-b921-8f442dfdf131, 'finish editing')->p_17, (cda8bbf2-dc01-45d7-9216-dd85455f827e, 'initialize')->p_7, (dceda6f9-1365-4d73-bab4-d19d4ee3dabb, 'insert document')->p_29, (ea950c22-a0d7-4df3-bd87-ff018f1a2441, 'mail valid')->p_4, (f61ecc0a-b2f4-4426-bf07-7ca9f1a67ce0, 'mail income')->p_3, (skip_11, None)->p_20, (skip_13, None)->p_13, (skip_15, None)->p_7, (skip_16, None)->p_28, (skip_16, None)->p_31, (skip_21, None)->p_28, (tauJoin_4, None)->p_8, (tauJoin_8, None)->p_14, (tauSplit_3, None)->p_13, (tauSplit_3, None)->p_9, p_10->(tauJoin_4, None), p_13->(6f62da08-31d8-4d70-9c1c-43efb4803861, 'begin editing'), p_14->(skip_13, None), p_14->(tauJoin_4, None), p_16->(b49197ab-3b19-48e5-b921-8f442dfdf131, 'finish editing'), p_17->(tauJoin_8, None), p_20->(2e22894f-56a1-4d83-b32e-01a6abc8d953, 'calculate'), p_21->(skip_11, None), p_21->(tauJoin_8, None), p_28->(dceda6f9-1365-4d73-bab4-d19d4ee3dabb, 'insert document'), p_29->(2420e62d-f656-4481-859d-7f579efee5d4, 'finish payment'), p_29->(skip_21, None), p_3->(ea950c22-a0d7-4df3-bd87-ff018f1a2441, 'mail valid'), p_31->(5da07d7f-7b9a-4007-87cb-860db4140917, 'begin payment'), p_32->(2420e62d-f656-4481-859d-7f579efee5d4, 'finish payment'), p_4->(cda8bbf2-dc01-45d7-9216-dd85455f827e, 'initialize'), p_7->(tauSplit_3, None), p_8->(skip_15, None), p_8->(skip_16, None), p_9->(98bdacd4-42a6-4e43-8474-2e860754b9d8, 'decide'), source->(f61ecc0a-b2f4-4426-bf07-7ca9f1a67ce0, 'mail income') ]",['source:1'],['sink:1'],14.0
IMbi_ali,C:/Users/Marko/Desktop/IMbi_Data/analysing/lp_2018_f,,0,0,0.3,0,False,,0.89,,,0.88,"places: [ p_10, p_11, p_12, p_13, p_16, p_17, p_3, p_4, p_7, p_8, sink, source ]
transitions: [ (1fd544d8-eee6-42c7-b093-94482d5170ac, 'decide'), (2b40840c-c7e8-4bef-8e87-1a787996879a, 'mail income'), (34939bda-e038-422b-887e-8bd43a5a4033, 'calculate'), (5c278fe2-11f7-4159-ac71-db185a31c3d8, 'mail valid'), (6557c946-a471-4108-8786-f0aa998f09d3, 'insert document'), (69cf412c-cecc-42b3-be9f-989457e0708a, 'begin payment'), (95620636-80ca-4a57-a0fe-df1e8aae6e7a, 'finish payment'), (b7b13221-68fc-4a90-a408-9980fbb6ebf0, 'begin editing'), (cdcd821a-95af-47e9-9de0-4fed1fcf7076, 'finish editing'), (ddbf88c2-f325-4329-b83d-403aad6c407e, 'initialize'), (init_loop_3, None), (skip_5, None), (skip_7, None) ]
arcs: [ (1fd544d8-eee6-42c7-b093-94482d5170ac, 'decide')->p_8, (2b40840c-c7e8-4bef-8e87-1a787996879a, 'mail income')->p_3, (34939bda-e038-422b-887e-8bd43a5a4033, 'calculate')->p_13, (5c278fe2-11f7-4159-ac71-db185a31c3d8, 'mail valid')->p_4, (6557c946-a471-4108-8786-f0aa998f09d3, 'insert document')->p_17, (69cf412c-cecc-42b3-be9f-989457e0708a, 'begin payment')->p_16, (95620636-80ca-4a57-a0fe-df1e8aae6e7a, 'finish payment')->sink, (b7b13221-68fc-4a90-a408-9980fbb6ebf0, 'begin editing')->p_12, (cdcd821a-95af-47e9-9de0-4fed1fcf7076, 'finish editing')->p_11, (ddbf88c2-f325-4329-b83d-403aad6c407e, 'initialize')->p_7, (init_loop_3, None)->p_10, (skip_5, None)->p_10, (skip_7, None)->p_7, p_10->(b7b13221-68fc-4a90-a408-9980fbb6ebf0, 'begin editing'), p_11->(1fd544d8-eee6-42c7-b093-94482d5170ac, 'decide'), p_11->(skip_5, None), p_12->(34939bda-e038-422b-887e-8bd43a5a4033, 'calculate'), p_13->(cdcd821a-95af-47e9-9de0-4fed1fcf7076, 'finish editing'), p_16->(6557c946-a471-4108-8786-f0aa998f09d3, 'insert document'), p_17->(95620636-80ca-4a57-a0fe-df1e8aae6e7a, 'finish payment'), p_3->(5c278fe2-11f7-4159-ac71-db185a31c3d8, 'mail valid'), p_4->(ddbf88c2-f325-4329-b83d-403aad6c407e, 'initialize'), p_7->(init_loop_3, None), p_8->(69cf412c-cecc-42b3-be9f-989457e0708a, 'begin payment'), p_8->(skip_7, None), source->(2b40840c-c7e8-4bef-8e87-1a787996879a, 'mail income') ]",['source:1'],['sink:1'],15.0
IMbi_ali,C:/Users/Marko/Desktop/IMbi_Data/analysing/lp_2018_f,,0,0,0.3,0,True,,0.89,,,0.75,"places: [ p_10, p_11, p_13, p_14, p_15, p_16, p_19, p_20, p_3, p_4, p_7, p_8, sink, source ]
transitions: [ (0a48f0ec-11c1-40de-a204-c4bc89db10bd, 'decide'), (0b95feb4-6fd8-43a1-81ff-70219ff6ffd7, 'finish payment'), (1bfa8ef9-0318-4704-99e3-d731d38042b4, 'begin payment'), (30b686d4-f66f-4311-8be5-7759236ee484, 'finish editing'), (57bda715-4ca1-4d91-a52f-1217cb448527, 'mail valid'), (c14aa8e3-54cb-4e55-a1c6-42c6489f9c8d, 'mail income'), (d47ded96-4c83-46af-85be-9124e61d4e5f, 'insert document'), (e3edc7f1-31f0-4fe0-b9d2-50603f53c30f, 'initialize'), (e6194af8-1183-476d-85a2-daca7956e39b, 'calculate'), (fd1e7561-ef05-40fd-a842-d08623ca9031, 'begin editing'), (init_loop_3, None), (skip_7, None), (skip_9, None), (tauJoin_6, None) ]
arcs: [ (0a48f0ec-11c1-40de-a204-c4bc89db10bd, 'decide')->p_8, (0b95feb4-6fd8-43a1-81ff-70219ff6ffd7, 'finish payment')->sink, (1bfa8ef9-0318-4704-99e3-d731d38042b4, 'begin payment')->p_19, (30b686d4-f66f-4311-8be5-7759236ee484, 'finish editing')->p_14, (57bda715-4ca1-4d91-a52f-1217cb448527, 'mail valid')->p_4, (c14aa8e3-54cb-4e55-a1c6-42c6489f9c8d, 'mail income')->p_3, (d47ded96-4c83-46af-85be-9124e61d4e5f, 'insert document')->p_20, (e3edc7f1-31f0-4fe0-b9d2-50603f53c30f, 'initialize')->p_7, (e6194af8-1183-476d-85a2-daca7956e39b, 'calculate')->p_16, (fd1e7561-ef05-40fd-a842-d08623ca9031, 'begin editing')->p_13, (fd1e7561-ef05-40fd-a842-d08623ca9031, 'begin editing')->p_15, (init_loop_3, None)->p_10, (skip_7, None)->p_10, (skip_9, None)->p_7, (tauJoin_6, None)->p_11, p_10->(fd1e7561-ef05-40fd-a842-d08623ca9031, 'begin editing'), p_11->(0a48f0ec-11c1-40de-a204-c4bc89db10bd, 'decide'), p_11->(skip_7, None), p_13->(30b686d4-f66f-4311-8be5-7759236ee484, 'finish editing'), p_14->(tauJoin_6, None), p_15->(e6194af8-1183-476d-85a2-daca7956e39b, 'calculate'), p_16->(tauJoin_6, None), p_19->(d47ded96-4c83-46af-85be-9124e61d4e5f, 'insert document'), p_20->(0b95feb4-6fd8-43a1-81ff-70219ff6ffd7, 'finish payment'), p_3->(57bda715-4ca1-4d91-a52f-1217cb448527, 'mail valid'), p_4->(e3edc7f1-31f0-4fe0-b9d2-50603f53c30f, 'initialize'), p_7->(init_loop_3, None), p_8->(1bfa8ef9-0318-4704-99e3-d731d38042b4, 'begin payment'), p_8->(skip_9, None), source->(c14aa8e3-54cb-4e55-a1c6-42c6489f9c8d, 'mail income') ]",['source:1'],['sink:1'],15.0
IMbi_ali,C:/Users/Marko/Desktop/IMbi_Data/analysing/lp_2018_f,,0,0,0.4,0,False,,0.89,,,0.88,"places: [ p_10, p_11, p_12, p_13, p_16, p_17, p_3, p_4, p_7, p_8, sink, source ]
transitions: [ (44742cc7-9ffe-41a2-bea9-bebc24ba627f, 'begin editing'), (46121409-dafd-40fd-bb05-ca0e3ea3bb3b, 'finish payment'), (590ca3d3-f1cd-42c3-be7e-948454b25cde, 'decide'), (9ffe10a8-396c-47d4-b121-a32b01b76acc, 'calculate'), (a8fea896-b83a-4968-8144-abab50c4613c, 'mail valid'), (d1c7caee-adba-413a-b89e-edc32f006e81, 'insert document'), (e0048fe4-41f4-44b9-8b5f-58f99498b70a, 'finish editing'), (e2168b30-4306-41f7-8735-b9b2e52fece7, 'begin payment'), (e6025415-c2df-4669-a5b3-4575a0cf4876, 'initialize'), (ea847be6-0d6d-47f8-bce9-056e02242fd8, 'mail income'), (init_loop_3, None), (skip_5, None), (skip_7, None) ]
arcs: [ (44742cc7-9ffe-41a2-bea9-bebc24ba627f, 'begin editing')->p_12, (46121409-dafd-40fd-bb05-ca0e3ea3bb3b, 'finish payment')->sink, (590ca3d3-f1cd-42c3-be7e-948454b25cde, 'decide')->p_8, (9ffe10a8-396c-47d4-b121-a32b01b76acc, 'calculate')->p_13, (a8fea896-b83a-4968-8144-abab50c4613c, 'mail valid')->p_4, (d1c7caee-adba-413a-b89e-edc32f006e81, 'insert document')->p_17, (e0048fe4-41f4-44b9-8b5f-58f99498b70a, 'finish editing')->p_11, (e2168b30-4306-41f7-8735-b9b2e52fece7, 'begin payment')->p_16, (e6025415-c2df-4669-a5b3-4575a0cf4876, 'initialize')->p_7, (ea847be6-0d6d-47f8-bce9-056e02242fd8, 'mail income')->p_3, (init_loop_3, None)->p_10, (skip_5, None)->p_10, (skip_7, None)->p_7, p_10->(44742cc7-9ffe-41a2-bea9-bebc24ba627f, 'begin editing'), p_11->(590ca3d3-f1cd-42c3-be7e-948454b25cde, 'decide'), p_11->(skip_5, None), p_12->(9ffe10a8-396c-47d4-b121-a32b01b76acc, 'calculate'), p_13->(e0048fe4-41f4-44b9-8b5f-58f99498b70a, 'finish editing'), p_16->(d1c7caee-adba-413a-b89e-edc32f006e81, 'insert document'), p_17->(46121409-dafd-40fd-bb05-ca0e3ea3bb3b, 'finish payment'), p_3->(a8fea896-b83a-4968-8144-abab50c4613c, 'mail valid'), p_4->(e6025415-c2df-4669-a5b3-4575a0cf4876, 'initialize'), p_7->(init_loop_3, None), p_8->(e2168b30-4306-41f7-8735-b9b2e52fece7, 'begin payment'), p_8->(skip_7, None), source->(ea847be6-0d6d-47f8-bce9-056e02242fd8, 'mail income') ]",['source:1'],['sink:1'],16.0
IMbi_ali,C:/Users/Marko/Desktop/IMbi_Data/analysing/lp_2018_f,,0,0,0.4,0,True,,0.89,,,0.88,"places: [ p_10, p_11, p_12, p_13, p_16, p_17, p_3, p_4, p_7, p_8, sink, source ]
transitions: [ (1eba76ff-1ca7-481e-9d1b-a9a526ccdcf6, 'calculate'), (2270a23d-2990-4b26-9ffb-ffcff823aba4, 'finish payment'), (54ad3642-4623-490b-8856-519da64626ea, 'decide'), (8673508a-f87d-487d-96eb-70d0b7ac903e, 'initialize'), (95a61104-aa54-4b8f-bab9-68e0a0719eb2, 'begin payment'), (a2ff0e06-df56-49e4-8fdd-2154137b206c, 'finish editing'), (d0c97c36-61c6-4d96-9a70-710dd5593038, 'mail income'), (db25b09d-45aa-4f11-aac8-8c7bf9ebfcfa, 'mail valid'), (db285cd5-281e-4c69-874c-7cd2e1ade4a2, 'insert document'), (f79fb541-14ec-455d-a5ba-90af4ed7dfe3, 'begin editing'), (init_loop_3, None), (skip_5, None), (skip_7, None) ]
arcs: [ (1eba76ff-1ca7-481e-9d1b-a9a526ccdcf6, 'calculate')->p_13, (2270a23d-2990-4b26-9ffb-ffcff823aba4, 'finish payment')->sink, (54ad3642-4623-490b-8856-519da64626ea, 'decide')->p_8, (8673508a-f87d-487d-96eb-70d0b7ac903e, 'initialize')->p_7, (95a61104-aa54-4b8f-bab9-68e0a0719eb2, 'begin payment')->p_16, (a2ff0e06-df56-49e4-8fdd-2154137b206c, 'finish editing')->p_11, (d0c97c36-61c6-4d96-9a70-710dd5593038, 'mail income')->p_3, (db25b09d-45aa-4f11-aac8-8c7bf9ebfcfa, 'mail valid')->p_4, (db285cd5-281e-4c69-874c-7cd2e1ade4a2, 'insert document')->p_17, (f79fb541-14ec-455d-a5ba-90af4ed7dfe3, 'begin editing')->p_12, (init_loop_3, None)->p_10, (skip_5, None)->p_10, (skip_7, None)->p_7, p_10->(f79fb541-14ec-455d-a5ba-90af4ed7dfe3, 'begin editing'), p_11->(54ad3642-4623-490b-8856-519da64626ea, 'decide'), p_11->(skip_5, None), p_12->(1eba76ff-1ca7-481e-9d1b-a9a526ccdcf6, 'calculate'), p_13->(a2ff0e06-df56-49e4-8fdd-2154137b206c, 'finish editing'), p_16->(db285cd5-281e-4c69-874c-7cd2e1ade4a2, 'insert document'), p_17->(2270a23d-2990-4b26-9ffb-ffcff823aba4, 'finish payment'), p_3->(db25b09d-45aa-4f11-aac8-8c7bf9ebfcfa, 'mail valid'), p_4->(8673508a-f87d-487d-96eb-70d0b7ac903e, 'initialize'), p_7->(init_loop_3, None), p_8->(95a61104-aa54-4b8f-bab9-68e0a0719eb2, 'begin payment'), p_8->(skip_7, None), source->(d0c97c36-61c6-4d96-9a70-710dd5593038, 'mail income') ]",['source:1'],['sink:1'],16.0
IMbi_ali,C:/Users/Marko/Desktop/IMbi_Data/analysing/lp_2018_f,,0,0,0.5,0,False,,0.87,,,0.9,"places: [ p_10, p_12, p_13, p_14, p_3, p_4, p_7, p_8, p_9, sink, source ]
transitions: [ (353b0121-bf9a-4f5f-abd0-f6146c7ac4ea, 'mail valid'), (37a3d4c7-d117-4d58-b545-7bb66d6afc32, 'initialize'), (6a7f9877-6bec-4d93-8f10-06765ebd4c58, 'begin editing'), (7c02311d-029d-4ef6-a55a-368d9a26fb2e, 'begin payment'), (7f62fa3b-9b2f-468d-b205-3f58056f195e, 'finish payment'), (88b1dbb6-7165-4b90-b167-6ac79253eacc, 'calculate'), (94b5e8cc-e07d-4b34-8023-e89e9d57a821, 'insert document'), (9a38f1d3-4e42-40c4-b876-917e27ed8c35, 'finish editing'), (b66a6e90-9bf0-4038-baa6-515d1e9a9bd3, 'mail income'), (cfa6ab57-9277-4ae6-8f6b-bc1e542d9ab4, 'decide'), (skip_3, None) ]
arcs: [ (353b0121-bf9a-4f5f-abd0-f6146c7ac4ea, 'mail valid')->p_4, (37a3d4c7-d117-4d58-b545-7bb66d6afc32, 'initialize')->p_7, (6a7f9877-6bec-4d93-8f10-06765ebd4c58, 'begin editing')->p_9, (7c02311d-029d-4ef6-a55a-368d9a26fb2e, 'begin payment')->p_13, (7f62fa3b-9b2f-468d-b205-3f58056f195e, 'finish payment')->sink, (88b1dbb6-7165-4b90-b167-6ac79253eacc, 'calculate')->p_10, (94b5e8cc-e07d-4b34-8023-e89e9d57a821, 'insert document')->p_14, (9a38f1d3-4e42-40c4-b876-917e27ed8c35, 'finish editing')->p_8, (b66a6e90-9bf0-4038-baa6-515d1e9a9bd3, 'mail income')->p_3, (cfa6ab57-9277-4ae6-8f6b-bc1e542d9ab4, 'decide')->p_12, (skip_3, None)->p_7, p_10->(9a38f1d3-4e42-40c4-b876-917e27ed8c35, 'finish editing'), p_12->(7c02311d-029d-4ef6-a55a-368d9a26fb2e, 'begin payment'), p_13->(94b5e8cc-e07d-4b34-8023-e89e9d57a821, 'insert document'), p_14->(7f62fa3b-9b2f-468d-b205-3f58056f195e, 'finish payment'), p_3->(353b0121-bf9a-4f5f-abd0-f6146c7ac4ea, 'mail valid'), p_4->(37a3d4c7-d117-4d58-b545-7bb66d6afc32, 'initialize'), p_7->(6a7f9877-6bec-4d93-8f10-06765ebd4c58, 'begin editing'), p_8->(cfa6ab57-9277-4ae6-8f6b-bc1e542d9ab4, 'decide'), p_8->(skip_3, None), p_9->(88b1dbb6-7165-4b90-b167-6ac79253eacc, 'calculate'), source->(b66a6e90-9bf0-4038-baa6-515d1e9a9bd3, 'mail income') ]",['source:1'],['sink:1'],17.0
IMbi_ali,C:/Users/Marko/Desktop/IMbi_Data/analysing/lp_2018_f,,0,0,0.5,0,True,,0.87,,,0.9,"places: [ p_10, p_12, p_13, p_14, p_3, p_4, p_7, p_8, p_9, sink, source ]
transitions: [ (09771cdd-d5a3-4cdc-b668-79ab014a7445, 'finish payment'), (0fe1bf07-d1a5-4871-8793-b0c07ab3f82a, 'initialize'), (1b18695b-6842-4732-81c2-6e4b5c768641, 'decide'), (1feb6001-a0b7-4c75-a018-0d36eaf79d49, 'begin editing'), (415481b1-9a49-4772-9272-28d57891839f, 'calculate'), (9b410bbd-f792-4e91-9464-48e5b4a5f1bf, 'insert document'), (ac14ca16-c0c6-4142-8482-c11f21abc512, 'mail valid'), (b52e2e15-9855-423e-aca9-e555c51a12e5, 'mail income'), (d8513130-b9ef-4c72-a988-3f0a9948f01c, 'finish editing'), (fc08de16-b08c-4aa5-93de-b9dc5d9ec0b5, 'begin payment'), (skip_3, None) ]
arcs: [ (09771cdd-d5a3-4cdc-b668-79ab014a7445, 'finish payment')->sink, (0fe1bf07-d1a5-4871-8793-b0c07ab3f82a, 'initialize')->p_7, (1b18695b-6842-4732-81c2-6e4b5c768641, 'decide')->p_12, (1feb6001-a0b7-4c75-a018-0d36eaf79d49, 'begin editing')->p_9, (415481b1-9a49-4772-9272-28d57891839f, 'calculate')->p_10, (9b410bbd-f792-4e91-9464-48e5b4a5f1bf, 'insert document')->p_14, (ac14ca16-c0c6-4142-8482-c11f21abc512, 'mail valid')->p_4, (b52e2e15-9855-423e-aca9-e555c51a12e5, 'mail income')->p_3, (d8513130-b9ef-4c72-a988-3f0a9948f01c, 'finish editing')->p_8, (fc08de16-b08c-4aa5-93de-b9dc5d9ec0b5, 'begin payment')->p_13, (skip_3, None)->p_7, p_10->(d8513130-b9ef-4c72-a988-3f0a9948f01c, 'finish editing'), p_12->(fc08de16-b08c-4aa5-93de-b9dc5d9ec0b5, 'begin payment'), p_13->(9b410bbd-f792-4e91-9464-48e5b4a5f1bf, 'insert document'), p_14->(09771cdd-d5a3-4cdc-b668-79ab014a7445, 'finish payment'), p_3->(ac14ca16-c0c6-4142-8482-c11f21abc512, 'mail valid'), p_4->(0fe1bf07-d1a5-4871-8793-b0c07ab3f82a, 'initialize'), p_7->(1feb6001-a0b7-4c75-a018-0d36eaf79d49, 'begin editing'), p_8->(1b18695b-6842-4732-81c2-6e4b5c768641, 'decide'), p_8->(skip_3, None), p_9->(415481b1-9a49-4772-9272-28d57891839f, 'calculate'), source->(b52e2e15-9855-423e-aca9-e555c51a12e5, 'mail income') ]",['source:1'],['sink:1'],17.0
IMbi_ali,C:/Users/Marko/Desktop/IMbi_Data/analysing/lp_2018_f,,0,0,0.6,0,False,,0.87,,,0.9,"places: [ p_10, p_12, p_13, p_14, p_3, p_4, p_7, p_8, p_9, sink, source ]
transitions: [ (033ed643-d923-4269-bead-bc34ca260924, 'finish payment'), (17a66a29-73a6-4b85-9262-13c00e0821da, 'begin payment'), (1e9f6217-35cd-4cd5-bb97-90e1f98b249e, 'calculate'), (34756209-6989-473e-a818-6ed79d471caa, 'begin editing'), (5597ee15-33ec-4f6d-85bd-ee0b9df9b96a, 'decide'), (5c37bc91-6785-4324-880a-933cfb271d8b, 'insert document'), (5c3b3b03-164e-4fd3-a8d2-6791fcac64a2, 'mail valid'), (f35a6db7-c8b0-4b33-99da-522452beb47b, 'finish editing'), (f71672a4-4900-4d0e-86f3-764b9afc1781, 'initialize'), (ff8ff9ad-b658-40c6-82bc-93a7c7c7bc65, 'mail income'), (skip_3, None) ]
arcs: [ (033ed643-d923-4269-bead-bc34ca260924, 'finish payment')->sink, (17a66a29-73a6-4b85-9262-13c00e0821da, 'begin payment')->p_13, (1e9f6217-35cd-4cd5-bb97-90e1f98b249e, 'calculate')->p_10, (34756209-6989-473e-a818-6ed79d471caa, 'begin editing')->p_9, (5597ee15-33ec-4f6d-85bd-ee0b9df9b96a, 'decide')->p_12, (5c37bc91-6785-4324-880a-933cfb271d8b, 'insert document')->p_14, (5c3b3b03-164e-4fd3-a8d2-6791fcac64a2, 'mail valid')->p_4, (f35a6db7-c8b0-4b33-99da-522452beb47b, 'finish editing')->p_8, (f71672a4-4900-4d0e-86f3-764b9afc1781, 'initialize')->p_7, (ff8ff9ad-b658-40c6-82bc-93a7c7c7bc65, 'mail income')->p_3, (skip_3, None)->p_7, p_10->(f35a6db7-c8b0-4b33-99da-522452beb47b, 'finish editing'), p_12->(17a66a29-73a6-4b85-9262-13c00e0821da, 'begin payment'), p_13->(5c37bc91-6785-4324-880a-933cfb271d8b, 'insert document'), p_14->(033ed643-d923-4269-bead-bc34ca260924, 'finish payment'), p_3->(5c3b3b03-164e-4fd3-a8d2-6791fcac64a2, 'mail valid'), p_4->(f71672a4-4900-4d0e-86f3-764b9afc1781, 'initialize'), p_7->(34756209-6989-473e-a818-6ed79d471caa, 'begin editing'), p_8->(5597ee15-33ec-4f6d-85bd-ee0b9df9b96a, 'decide'), p_8->(skip_3, None), p_9->(1e9f6217-35cd-4cd5-bb97-90e1f98b249e, 'calculate'), source->(ff8ff9ad-b658-40c6-82bc-93a7c7c7bc65, 'mail income') ]",['source:1'],['sink:1'],18.0
IMbi_ali,C:/Users/Marko/Desktop/IMbi_Data/analysing/lp_2018_f,,0,0,0.6,0,True,,0.87,,,0.9,"places: [ p_10, p_12, p_13, p_14, p_3, p_4, p_7, p_8, p_9, sink, source ]
transitions: [ (13d3efa1-c81e-4764-ad08-05b56b90184f, 'insert document'), (2788c3bb-e30e-4cd2-8175-f8739a5d2059, 'finish editing'), (2d8971ff-f092-4651-973c-a4347014e36f, 'finish payment'), (30585983-f618-4864-bc07-e73848a03e32, 'decide'), (4f2b8d05-d297-4094-9e49-4d32be74d576, 'mail income'), (7312db2b-f896-45b6-9ad3-e0f238e18df0, 'mail valid'), (cf602515-bafe-46de-9718-136d11ae53c7, 'begin payment'), (d4366dbe-7b96-490e-8132-55def336512b, 'initialize'), (ec47d047-49dc-45f4-af17-2df889692fe7, 'begin editing'), (ececce07-7005-4b1e-b456-604a52212f97, 'calculate'), (skip_3, None) ]
arcs: [ (13d3efa1-c81e-4764-ad08-05b56b90184f, 'insert document')->p_14, (2788c3bb-e30e-4cd2-8175-f8739a5d2059, 'finish editing')->p_8, (2d8971ff-f092-4651-973c-a4347014e36f, 'finish payment')->sink, (30585983-f618-4864-bc07-e73848a03e32, 'decide')->p_12, (4f2b8d05-d297-4094-9e49-4d32be74d576, 'mail income')->p_3, (7312db2b-f896-45b6-9ad3-e0f238e18df0, 'mail valid')->p_4, (cf602515-bafe-46de-9718-136d11ae53c7, 'begin payment')->p_13, (d4366dbe-7b96-490e-8132-55def336512b, 'initialize')->p_7, (ec47d047-49dc-45f4-af17-2df889692fe7, 'begin editing')->p_9, (ececce07-7005-4b1e-b456-604a52212f97, 'calculate')->p_10, (skip_3, None)->p_7, p_10->(2788c3bb-e30e-4cd2-8175-f8739a5d2059, 'finish editing'), p_12->(cf602515-bafe-46de-9718-136d11ae53c7, 'begin payment'), p_13->(13d3efa1-c81e-4764-ad08-05b56b90184f, 'insert document'), p_14->(2d8971ff-f092-4651-973c-a4347014e36f, 'finish payment'), p_3->(7312db2b-f896-45b6-9ad3-e0f238e18df0, 'mail valid'), p_4->(d4366dbe-7b96-490e-8132-55def336512b, 'initialize'), p_7->(ec47d047-49dc-45f4-af17-2df889692fe7, 'begin editing'), p_8->(30585983-f618-4864-bc07-e73848a03e32, 'decide'), p_8->(skip_3, None), p_9->(ececce07-7005-4b1e-b456-604a52212f97, 'calculate'), source->(4f2b8d05-d297-4094-9e49-4d32be74d576, 'mail income') ]",['source:1'],['sink:1'],18.0
